"","A","uAuB","Au","B","Bu","E.x","E.y","pA","peA","pB","peB","Pr","PrUn","index","structure","posterior","groupPost","pgroup","trialtype","node","cesm","node2","node3","noSelect","Actual"
"1","0","00","0","0","0","0","0",0.9,0.5,0.2,0.5,0.045,0.25,1,"disjunctive",0.25,1,"1","d1","A",0.125560625740942,"A","A=0",1,TRUE
"2","0","00","0","0","0","0","0",0.9,0.5,0.2,0.5,0.045,0.25,1,"disjunctive",0.25,1,"1","d1","Au=0",0.0522092394914649,"Au","Au=0",1,TRUE
"3","0","00","0","0","0","0","0",0.9,0.5,0.2,0.5,0.045,0.25,1,"disjunctive",0.25,1,"1","d1","B",0.325489996097285,"B","B=0",1,TRUE
"4","0","00","0","0","0","0","0",0.9,0.5,0.2,0.5,0.045,0.25,1,"disjunctive",0.25,1,"1","d1","Bu=0",0.434796928056041,"Bu","Bu=0",1,TRUE
"5","0","01","0","0","1","0","0",0.9,0.5,0.2,0.5,0.045,0.25,2,"disjunctive",0.25,1,"1","d1","A",0.0514015923343844,"A","A=0",1,TRUE
"6","0","01","0","0","1","0","0",0.9,0.5,0.2,0.5,0.045,0.25,2,"disjunctive",0.25,1,"1","d1","Au=0",0.0210312345265695,"Au","Au=0",1,TRUE
"7","0","01","0","0","1","0","0",0.9,0.5,0.2,0.5,0.045,0.25,2,"disjunctive",0.25,1,"1","d1","B",0.891077486880123,"B","B=0",1,TRUE
"8","0","01","0","0","1","0","0",0.9,0.5,0.2,0.5,0.045,0.25,2,"disjunctive",0.25,1,"1","d1","Bu=1",-0.21071669070818,"Bu","Bu=1",1,FALSE
"9","0","10","1","0","0","0","0",0.9,0.5,0.2,0.5,0.045,0.25,3,"disjunctive",0.25,1,"1","d1","A",0.585836734226141,"A","A=0",1,TRUE
"10","0","10","1","0","0","0","0",0.9,0.5,0.2,0.5,0.045,0.25,3,"disjunctive",0.25,1,"1","d1","Au=1",-0.0420069330271872,"Au","Au=1",1,FALSE
"11","0","10","1","0","0","0","0",0.9,0.5,0.2,0.5,0.045,0.25,3,"disjunctive",0.25,1,"1","d1","B",0.26170471527877,"B","B=0",1,TRUE
"12","0","10","1","0","0","0","0",0.9,0.5,0.2,0.5,0.045,0.25,3,"disjunctive",0.25,1,"1","d1","Bu=0",0.349015474473335,"Bu","Bu=0",1,TRUE
"13","0","11","1","0","1","0","0",0.9,0.5,0.2,0.5,0.045,0.25,4,"disjunctive",0.25,1,"1","d1","A",0.277255619969956,"A","A=0",1,TRUE
"14","0","11","1","0","1","0","0",0.9,0.5,0.2,0.5,0.045,0.25,4,"disjunctive",0.25,1,"1","d1","Au=1",-0.0205827678314564,"Au","Au=1",1,FALSE
"15","0","11","1","0","1","0","0",0.9,0.5,0.2,0.5,0.045,0.25,4,"disjunctive",0.25,1,"1","d1","B",0.848322234942127,"B","B=0",1,TRUE
"16","0","11","1","0","1","0","0",0.9,0.5,0.2,0.5,0.045,0.25,4,"disjunctive",0.25,1,"1","d1","Bu=1",-0.199759112505794,"Bu","Bu=1",1,FALSE
"17","0","00","0","1","0","0","0",0.9,0.5,0.8,0.5,0.18,0.25,5,"disjunctive",0.5,2,"1","d2","A",0.0634359718888258,"A","A=0",1,TRUE
"18","0","00","0","1","0","0","0",0.9,0.5,0.8,0.5,0.18,0.25,5,"disjunctive",0.5,2,"1","d2","Au=0",0.027341590620048,"Au","Au=0",1,TRUE
"19","0","00","0","1","0","0","0",0.9,0.5,0.8,0.5,0.18,0.25,5,"disjunctive",0.5,2,"1","d2","B",-0.100355365026207,"B","B=1",1,FALSE
"20","0","00","0","1","0","0","0",0.9,0.5,0.8,0.5,0.18,0.25,5,"disjunctive",0.5,2,"1","d2","Bu=0",0.949608672149709,"Bu","Bu=0",1,TRUE
"21","0","00","0","1","0","1","0",0.9,0.5,0.8,0.5,0.18,0.25,6,"disjunctive",0,3,"1","d3","A",-0.0593510612463115,"A","A=0",1,FALSE
"22","0","00","0","1","0","1","0",0.9,0.5,0.8,0.5,0.18,0.25,6,"disjunctive",0,3,"1","d3","Au=0",-0.0241590957114912,"Au","Au=0",1,FALSE
"23","0","00","0","1","0","1","0",0.9,0.5,0.8,0.5,0.18,0.25,6,"disjunctive",0,3,"1","d3","B",0.101124766776097,"B","B=1",1,TRUE
"24","0","00","0","1","0","1","0",0.9,0.5,0.8,0.5,0.18,0.25,6,"disjunctive",0,3,"1","d3","Bu=0",-0.949484037713988,"Bu","Bu=0",1,FALSE
"25","0","01","0","1","1","0","1",0.9,0.5,0.8,0.5,0.18,0.25,7,"disjunctive",0,2,"1","d2","A",0.0126385464941144,"A","A=0",1,TRUE
"26","0","01","0","1","1","0","1",0.9,0.5,0.8,0.5,0.18,0.25,7,"disjunctive",0,2,"1","d2","Au=0",0.00655684044490218,"Au","Au=0",1,TRUE
"27","0","01","0","1","1","0","1",0.9,0.5,0.8,0.5,0.18,0.25,7,"disjunctive",0,2,"1","d2","B",-0.502840724089759,"B","B=1",1,FALSE
"28","0","01","0","1","1","0","1",0.9,0.5,0.8,0.5,0.18,0.25,7,"disjunctive",0,2,"1","d2","Bu=1",-0.83520691816524,"Bu","Bu=1",1,FALSE
"29","0","01","0","1","1","1","1",0.9,0.5,0.8,0.5,0.18,0.25,8,"disjunctive",0.5,3,"1","d3","A",-0.0138478442310303,"A","A=0",1,FALSE
"30","0","01","0","1","1","1","1",0.9,0.5,0.8,0.5,0.18,0.25,8,"disjunctive",0.5,3,"1","d3","Au=0",-0.00498710937387446,"Au","Au=0",1,FALSE
"31","0","01","0","1","1","1","1",0.9,0.5,0.8,0.5,0.18,0.25,8,"disjunctive",0.5,3,"1","d3","B",0.504287116395641,"B","B=1",1,TRUE
"32","0","01","0","1","1","1","1",0.9,0.5,0.8,0.5,0.18,0.25,8,"disjunctive",0.5,3,"1","d3","Bu=1",0.834443606041303,"Bu","Bu=1",1,TRUE
"33","0","10","1","1","0","0","0",0.9,0.5,0.8,0.5,0.18,0.25,9,"disjunctive",0.5,2,"1","d2","A",0.336217882326205,"A","A=0",1,TRUE
"34","0","10","1","1","0","0","0",0.9,0.5,0.8,0.5,0.18,0.25,9,"disjunctive",0.5,2,"1","d2","Au=1",-0.0262686411111888,"Au","Au=1",1,FALSE
"35","0","10","1","1","0","0","0",0.9,0.5,0.8,0.5,0.18,0.25,9,"disjunctive",0.5,2,"1","d2","B",-0.093614735328838,"B","B=1",1,FALSE
"36","0","10","1","1","0","0","0",0.9,0.5,0.8,0.5,0.18,0.25,9,"disjunctive",0.5,2,"1","d2","Bu=0",0.886378845775473,"Bu","Bu=0",1,TRUE
"37","0","10","1","1","0","1","0",0.9,0.5,0.8,0.5,0.18,0.25,10,"disjunctive",0,3,"1","d3","A",-0.336853040432788,"A","A=0",1,FALSE
"38","0","10","1","1","0","1","0",0.9,0.5,0.8,0.5,0.18,0.25,10,"disjunctive",0,3,"1","d3","Au=1",0.0250244072378201,"Au","Au=1",1,TRUE
"39","0","10","1","1","0","1","0",0.9,0.5,0.8,0.5,0.18,0.25,10,"disjunctive",0,3,"1","d3","B",0.0937822464687759,"B","B=1",1,TRUE
"40","0","10","1","1","0","1","0",0.9,0.5,0.8,0.5,0.18,0.25,10,"disjunctive",0,3,"1","d3","Bu=0",-0.886278014489594,"Bu","Bu=0",1,FALSE
"41","0","11","1","1","1","0","1",0.9,0.5,0.8,0.5,0.18,0.25,11,"disjunctive",0,2,"1","d2","A",0.0743878741677015,"A","A=0",1,TRUE
"42","0","11","1","1","1","0","1",0.9,0.5,0.8,0.5,0.18,0.25,11,"disjunctive",0,2,"1","d2","Au=1",-0.00498576858879627,"Au","Au=1",1,FALSE
"43","0","11","1","1","1","0","1",0.9,0.5,0.8,0.5,0.18,0.25,11,"disjunctive",0,2,"1","d2","B",-0.494655413001773,"B","B=1",1,FALSE
"44","0","11","1","1","1","0","1",0.9,0.5,0.8,0.5,0.18,0.25,11,"disjunctive",0,2,"1","d2","Bu=1",-0.825089515269173,"Bu","Bu=1",1,FALSE
"45","0","11","1","1","1","1","1",0.9,0.5,0.8,0.5,0.18,0.25,12,"disjunctive",0.5,3,"1","d3","A",-0.0733514980243343,"A","A=0",1,FALSE
"46","0","11","1","1","1","1","1",0.9,0.5,0.8,0.5,0.18,0.25,12,"disjunctive",0.5,3,"1","d3","Au=1",0.00471125548345684,"Au","Au=1",1,TRUE
"47","0","11","1","1","1","1","1",0.9,0.5,0.8,0.5,0.18,0.25,12,"disjunctive",0.5,3,"1","d3","B",0.494470280257981,"B","B=1",1,TRUE
"48","0","11","1","1","1","1","1",0.9,0.5,0.8,0.5,0.18,0.25,12,"disjunctive",0.5,3,"1","d3","Bu=1",0.82519317628416,"Bu","Bu=1",1,TRUE
"49","1","00","0","0","0","0","0",0.1,0.5,0.2,0.5,0.005,0.25,13,"disjunctive",0.5,4,"1","d4","A",-0.185290938837516,"A","A=1",1,FALSE
"50","1","00","0","0","0","0","0",0.1,0.5,0.2,0.5,0.005,0.25,13,"disjunctive",0.5,4,"1","d4","Au=0",0.7202288295543,"Au","Au=0",1,TRUE
"51","1","00","0","0","0","0","0",0.1,0.5,0.2,0.5,0.005,0.25,13,"disjunctive",0.5,4,"1","d4","B",0.162957337577656,"B","B=0",1,TRUE
"52","1","00","0","0","0","0","0",0.1,0.5,0.2,0.5,0.005,0.25,13,"disjunctive",0.5,4,"1","d4","Bu=0",0.218531802295733,"Bu","Bu=0",1,TRUE
"53","1","00","0","0","0","1","0",0.1,0.5,0.2,0.5,0.005,0.25,14,"disjunctive",0,5,"1","d5","A",0.184814614379104,"A","A=1",1,TRUE
"54","1","00","0","0","0","1","0",0.1,0.5,0.2,0.5,0.005,0.25,14,"disjunctive",0,5,"1","d5","Au=0",-0.720463897632459,"Au","Au=0",1,FALSE
"55","1","00","0","0","0","1","0",0.1,0.5,0.2,0.5,0.005,0.25,14,"disjunctive",0,5,"1","d5","B",-0.164500135543697,"B","B=0",1,FALSE
"56","1","00","0","0","0","1","0",0.1,0.5,0.2,0.5,0.005,0.25,14,"disjunctive",0,5,"1","d5","Bu=0",-0.218893605130987,"Bu","Bu=0",1,FALSE
"57","1","01","0","0","1","0","0",0.1,0.5,0.2,0.5,0.005,0.25,15,"disjunctive",0.5,4,"1","d4","A",-0.117753078876938,"A","A=1",1,FALSE
"58","1","01","0","0","1","0","0",0.1,0.5,0.2,0.5,0.005,0.25,15,"disjunctive",0.5,4,"1","d4","Au=0",0.458994989590159,"Au","Au=0",1,TRUE
"59","1","01","0","0","1","0","0",0.1,0.5,0.2,0.5,0.005,0.25,15,"disjunctive",0.5,4,"1","d4","B",0.710723461078484,"B","B=0",1,TRUE
"60","1","01","0","0","1","0","0",0.1,0.5,0.2,0.5,0.005,0.25,15,"disjunctive",0.5,4,"1","d4","Bu=1",-0.166235380380983,"Bu","Bu=1",1,FALSE
"61","1","01","0","0","1","1","0",0.1,0.5,0.2,0.5,0.005,0.25,16,"disjunctive",0,5,"1","d5","A",0.116387038447897,"A","A=1",1,TRUE
"62","1","01","0","0","1","1","0",0.1,0.5,0.2,0.5,0.005,0.25,16,"disjunctive",0,5,"1","d5","Au=0",-0.455003610228553,"Au","Au=0",1,FALSE
"63","1","01","0","0","1","1","0",0.1,0.5,0.2,0.5,0.005,0.25,16,"disjunctive",0,5,"1","d5","B",-0.712900313200885,"B","B=0",1,FALSE
"64","1","01","0","0","1","1","0",0.1,0.5,0.2,0.5,0.005,0.25,16,"disjunctive",0,5,"1","d5","Bu=1",0.168321074228117,"Bu","Bu=1",1,TRUE
"65","1","10","1","0","0","0","1",0.1,0.5,0.2,0.5,0.005,0.25,17,"disjunctive",0,4,"1","d4","A",-0.755728234267497,"A","A=1",1,FALSE
"66","1","10","1","0","0","0","1",0.1,0.5,0.2,0.5,0.005,0.25,17,"disjunctive",0,4,"1","d4","Au=1",-0.522409579938592,"Au","Au=1",1,FALSE
"67","1","10","1","0","0","0","1",0.1,0.5,0.2,0.5,0.005,0.25,17,"disjunctive",0,4,"1","d4","B",0.0523493791241952,"B","B=0",1,TRUE
"68","1","10","1","0","0","0","1",0.1,0.5,0.2,0.5,0.005,0.25,17,"disjunctive",0,4,"1","d4","Bu=0",0.0665838030641407,"Bu","Bu=0",1,TRUE
"69","1","10","1","0","0","1","1",0.1,0.5,0.2,0.5,0.005,0.25,18,"disjunctive",0.5,5,"1","d5","A",0.754565556984801,"A","A=1",1,TRUE
"70","1","10","1","0","0","1","1",0.1,0.5,0.2,0.5,0.005,0.25,18,"disjunctive",0.5,5,"1","d5","Au=1",0.521615351299232,"Au","Au=1",1,TRUE
"71","1","10","1","0","0","1","1",0.1,0.5,0.2,0.5,0.005,0.25,18,"disjunctive",0.5,5,"1","d5","B",-0.0518093248472086,"B","B=0",1,FALSE
"72","1","10","1","0","0","1","1",0.1,0.5,0.2,0.5,0.005,0.25,18,"disjunctive",0.5,5,"1","d5","Bu=0",-0.0686643975558355,"Bu","Bu=0",1,FALSE
"73","1","11","1","0","1","0","1",0.1,0.5,0.2,0.5,0.005,0.25,19,"disjunctive",0,4,"1","d4","A",-0.654874393483219,"A","A=1",1,FALSE
"74","1","11","1","0","1","0","1",0.1,0.5,0.2,0.5,0.005,0.25,19,"disjunctive",0,4,"1","d4","Au=1",-0.452290051447733,"Au","Au=1",1,FALSE
"75","1","11","1","0","1","0","1",0.1,0.5,0.2,0.5,0.005,0.25,19,"disjunctive",0,4,"1","d4","B",0.300380662831539,"B","B=0",1,TRUE
"76","1","11","1","0","1","0","1",0.1,0.5,0.2,0.5,0.005,0.25,19,"disjunctive",0,4,"1","d4","Bu=1",-0.0718257371718888,"Bu","Bu=1",1,FALSE
"77","1","11","1","0","1","1","1",0.1,0.5,0.2,0.5,0.005,0.25,20,"disjunctive",0.5,5,"1","d5","A",0.654507449154734,"A","A=1",1,TRUE
"78","1","11","1","0","1","1","1",0.1,0.5,0.2,0.5,0.005,0.25,20,"disjunctive",0.5,5,"1","d5","Au=1",0.451242518432209,"Au","Au=1",1,TRUE
"79","1","11","1","0","1","1","1",0.1,0.5,0.2,0.5,0.005,0.25,20,"disjunctive",0.5,5,"1","d5","B",-0.300990252296827,"B","B=0",1,FALSE
"80","1","11","1","0","1","1","1",0.1,0.5,0.2,0.5,0.005,0.25,20,"disjunctive",0.5,5,"1","d5","Bu=1",0.0705851904726336,"Bu","Bu=1",1,TRUE
"81","1","00","0","1","0","0","0",0.1,0.5,0.8,0.5,0.02,0.25,21,"disjunctive",1,6,"1","d6","A",-0.133858999830891,"A","A=1",1,FALSE
"82","1","00","0","1","0","0","0",0.1,0.5,0.8,0.5,0.02,0.25,21,"disjunctive",1,6,"1","d6","Au=0",0.528596101343894,"Au","Au=0",1,TRUE
"83","1","00","0","1","0","0","0",0.1,0.5,0.8,0.5,0.02,0.25,21,"disjunctive",1,6,"1","d6","B",-0.0751147349458994,"B","B=1",1,FALSE
"84","1","00","0","1","0","0","0",0.1,0.5,0.8,0.5,0.02,0.25,21,"disjunctive",1,6,"1","d6","Bu=0",0.704970939378135,"Bu","Bu=0",1,TRUE
"85","1","00","0","1","0","1","0",0.1,0.5,0.8,0.5,0.02,0.25,22,"disjunctive",0,7,"1","d7","A",0.135342725981068,"A","A=1",1,TRUE
"86","1","00","0","1","0","1","0",0.1,0.5,0.8,0.5,0.02,0.25,22,"disjunctive",0,7,"1","d7","Au=0",-0.52849356432349,"Au","Au=0",1,FALSE
"87","1","00","0","1","0","1","0",0.1,0.5,0.8,0.5,0.02,0.25,22,"disjunctive",0,7,"1","d7","B",0.0747876321541773,"B","B=1",1,TRUE
"88","1","00","0","1","0","1","0",0.1,0.5,0.8,0.5,0.02,0.25,22,"disjunctive",0,7,"1","d7","Bu=0",-0.705021185047079,"Bu","Bu=0",1,FALSE
"89","1","01","0","1","1","0","1",0.1,0.5,0.8,0.5,0.02,0.25,23,"disjunctive",0,6,"1","d6","A",-0.0345013291935347,"A","A=1",1,FALSE
"90","1","01","0","1","1","0","1",0.1,0.5,0.8,0.5,0.02,0.25,23,"disjunctive",0,6,"1","d6","Au=0",0.136711495032189,"Au","Au=0",1,TRUE
"91","1","01","0","1","1","0","1",0.1,0.5,0.8,0.5,0.02,0.25,23,"disjunctive",0,6,"1","d6","B",-0.469753252056487,"B","B=1",1,FALSE
"92","1","01","0","1","1","0","1",0.1,0.5,0.8,0.5,0.02,0.25,23,"disjunctive",0,6,"1","d6","Bu=1",-0.779768987813569,"Bu","Bu=1",1,FALSE
"93","1","01","0","1","1","1","1",0.1,0.5,0.8,0.5,0.02,0.25,24,"disjunctive",0.333333333333333,7,"1","d7","A",0.033985956902214,"A","A=1",1,TRUE
"94","1","01","0","1","1","1","1",0.1,0.5,0.8,0.5,0.02,0.25,24,"disjunctive",0.333333333333333,7,"1","d7","Au=0",-0.136346038532426,"Au","Au=0",1,FALSE
"95","1","01","0","1","1","1","1",0.1,0.5,0.8,0.5,0.02,0.25,24,"disjunctive",0.333333333333333,7,"1","d7","B",0.470295342870476,"B","B=1",1,TRUE
"96","1","01","0","1","1","1","1",0.1,0.5,0.8,0.5,0.02,0.25,24,"disjunctive",0.333333333333333,7,"1","d7","Bu=1",0.778176719914435,"Bu","Bu=1",1,TRUE
"97","1","10","1","1","0","0","1",0.1,0.5,0.8,0.5,0.02,0.25,25,"disjunctive",0,6,"1","d6","A",-0.691549525329079,"A","A=1",1,FALSE
"98","1","10","1","1","0","0","1",0.1,0.5,0.8,0.5,0.02,0.25,25,"disjunctive",0,6,"1","d6","Au=1",-0.476578386468621,"Au","Au=1",1,FALSE
"99","1","10","1","1","0","0","1",0.1,0.5,0.8,0.5,0.02,0.25,25,"disjunctive",0,6,"1","d6","B",-0.0299343926807807,"B","B=1",1,FALSE
"100","1","10","1","1","0","0","1",0.1,0.5,0.8,0.5,0.02,0.25,25,"disjunctive",0,6,"1","d6","Bu=0",0.272478789959427,"Bu","Bu=0",1,TRUE
"101","1","10","1","1","0","1","1",0.1,0.5,0.8,0.5,0.02,0.25,26,"disjunctive",0.333333333333333,7,"1","d7","A",0.691565096045171,"A","A=1",1,TRUE
"102","1","10","1","1","0","1","1",0.1,0.5,0.8,0.5,0.02,0.25,26,"disjunctive",0.333333333333333,7,"1","d7","Au=1",0.477065390376797,"Au","Au=1",1,TRUE
"103","1","10","1","1","0","1","1",0.1,0.5,0.8,0.5,0.02,0.25,26,"disjunctive",0.333333333333333,7,"1","d7","B",0.0293976783978591,"B","B=1",1,TRUE
"104","1","10","1","1","0","1","1",0.1,0.5,0.8,0.5,0.02,0.25,26,"disjunctive",0.333333333333333,7,"1","d7","Bu=0",-0.270963429317039,"Bu","Bu=0",1,FALSE
"105","1","11","1","1","1","0","1",0.1,0.5,0.8,0.5,0.02,0.25,27,"disjunctive",0,6,"1","d6","A",-0.285065939895786,"A","A=1",1,FALSE
"106","1","11","1","1","1","0","1",0.1,0.5,0.8,0.5,0.02,0.25,27,"disjunctive",0,6,"1","d6","Au=1",-0.198222023391939,"Au","Au=1",1,FALSE
"107","1","11","1","1","1","0","1",0.1,0.5,0.8,0.5,0.02,0.25,27,"disjunctive",0,6,"1","d6","B",-0.287906208515671,"B","B=1",1,FALSE
"108","1","11","1","1","1","0","1",0.1,0.5,0.8,0.5,0.02,0.25,27,"disjunctive",0,6,"1","d6","Bu=1",-0.479805366873055,"Bu","Bu=1",1,FALSE
"109","1","11","1","1","1","1","1",0.1,0.5,0.8,0.5,0.02,0.25,28,"disjunctive",0.333333333333333,7,"1","d7","A",0.285376502214326,"A","A=1",1,TRUE
"110","1","11","1","1","1","1","1",0.1,0.5,0.8,0.5,0.02,0.25,28,"disjunctive",0.333333333333333,7,"1","d7","Au=1",0.198357628552606,"Au","Au=1",1,TRUE
"111","1","11","1","1","1","1","1",0.1,0.5,0.8,0.5,0.02,0.25,28,"disjunctive",0.333333333333333,7,"1","d7","B",0.287829415689019,"B","B=1",1,TRUE
"112","1","11","1","1","1","1","1",0.1,0.5,0.8,0.5,0.02,0.25,28,"disjunctive",0.333333333333333,7,"1","d7","Bu=1",0.480057890714172,"Bu","Bu=1",1,TRUE
"113","0","00","0","0","0","0","0",0.9,0.5,0.2,0.5,0.045,0.25,1,"conjunctive",0.25,1,"1","c1","A",0.0691630118498526,"A","A=0",1,TRUE
"114","0","00","0","0","0","0","0",0.9,0.5,0.2,0.5,0.045,0.25,1,"conjunctive",0.25,1,"1","c1","Au=0",0.0290281767599624,"Au","Au=0",1,TRUE
"115","0","00","0","0","0","0","0",0.9,0.5,0.2,0.5,0.045,0.25,1,"conjunctive",0.25,1,"1","c1","B",0.0216606861563693,"B","B=0",1,TRUE
"116","0","00","0","0","0","0","0",0.9,0.5,0.2,0.5,0.045,0.25,1,"conjunctive",0.25,1,"1","c1","Bu=0",0.0289794077486227,"Bu","Bu=0",1,TRUE
"117","0","01","0","0","1","0","0",0.9,0.5,0.2,0.5,0.045,0.25,2,"conjunctive",0.25,1,"1","c1","A",0.177780895310137,"A","A=0",1,TRUE
"118","0","01","0","0","1","0","0",0.9,0.5,0.2,0.5,0.045,0.25,2,"conjunctive",0.25,1,"1","c1","Au=0",0.0742408080467579,"Au","Au=0",1,TRUE
"119","0","01","0","0","1","0","0",0.9,0.5,0.2,0.5,0.045,0.25,2,"conjunctive",0.25,1,"1","c1","B",0.055510872908194,"B","B=0",1,TRUE
"120","0","01","0","0","1","0","0",0.9,0.5,0.2,0.5,0.045,0.25,2,"conjunctive",0.25,1,"1","c1","Bu=1",-0.0131154203929372,"Bu","Bu=1",1,FALSE
"121","0","10","1","0","0","0","0",0.9,0.5,0.2,0.5,0.045,0.25,3,"conjunctive",0.25,1,"1","c1","A",0.172473294108098,"A","A=0",1,TRUE
"122","0","10","1","0","0","0","0",0.9,0.5,0.2,0.5,0.045,0.25,3,"conjunctive",0.25,1,"1","c1","Au=1",-0.0127193187268204,"Au","Au=1",1,FALSE
"123","0","10","1","0","0","0","0",0.9,0.5,0.2,0.5,0.045,0.25,3,"conjunctive",0.25,1,"1","c1","B",0.0538164825505848,"B","B=0",1,TRUE
"124","0","10","1","0","0","0","0",0.9,0.5,0.2,0.5,0.045,0.25,3,"conjunctive",0.25,1,"1","c1","Bu=0",0.0721572937848205,"Bu","Bu=0",1,TRUE
"125","0","11","1","0","1","0","0",0.9,0.5,0.2,0.5,0.045,0.25,4,"conjunctive",0.25,1,"1","c1","A",0.409615640016647,"A","A=0",1,TRUE
"126","0","11","1","0","1","0","0",0.9,0.5,0.2,0.5,0.045,0.25,4,"conjunctive",0.25,1,"1","c1","Au=1",-0.0301266573920124,"Au","Au=1",1,FALSE
"127","0","11","1","0","1","0","0",0.9,0.5,0.2,0.5,0.045,0.25,4,"conjunctive",0.25,1,"1","c1","B",0.127854074251846,"B","B=0",1,TRUE
"128","0","11","1","0","1","0","0",0.9,0.5,0.2,0.5,0.045,0.25,4,"conjunctive",0.25,1,"1","c1","Bu=1",-0.0301295939761862,"Bu","Bu=1",1,FALSE
"129","0","00","0","1","0","0","0",0.9,0.5,0.8,0.5,0.18,0.25,5,"conjunctive",0.25,2,"1","c2","A",0.14466318914144,"A","A=0",1,TRUE
"130","0","00","0","1","0","0","0",0.9,0.5,0.8,0.5,0.18,0.25,5,"conjunctive",0.25,2,"1","c2","Au=0",0.0606440366908821,"Au","Au=0",1,TRUE
"131","0","00","0","1","0","0","0",0.9,0.5,0.8,0.5,0.18,0.25,5,"conjunctive",0.25,2,"1","c2","B",-0.00642403753734289,"B","B=1",1,FALSE
"132","0","00","0","1","0","0","0",0.9,0.5,0.8,0.5,0.18,0.25,5,"conjunctive",0.25,2,"1","c2","Bu=0",0.0608033093719919,"Bu","Bu=0",1,TRUE
"133","0","01","0","1","1","0","0",0.9,0.5,0.8,0.5,0.18,0.25,6,"conjunctive",0.25,2,"1","c2","A",0.343599259204331,"A","A=0",1,TRUE
"134","0","01","0","1","1","0","0",0.9,0.5,0.8,0.5,0.18,0.25,6,"conjunctive",0.25,2,"1","c2","Au=0",0.144401203483118,"Au","Au=0",1,TRUE
"135","0","01","0","1","1","0","0",0.9,0.5,0.8,0.5,0.18,0.25,6,"conjunctive",0.25,2,"1","c2","B",-0.0153047052586204,"B","B=1",1,FALSE
"136","0","01","0","1","1","0","0",0.9,0.5,0.8,0.5,0.18,0.25,6,"conjunctive",0.25,2,"1","c2","Bu=1",-0.0255161553381507,"Bu","Bu=1",1,FALSE
"137","0","10","1","1","0","0","0",0.9,0.5,0.8,0.5,0.18,0.25,7,"conjunctive",0.25,2,"1","c2","A",0.342686902140041,"A","A=0",1,TRUE
"138","0","10","1","1","0","0","0",0.9,0.5,0.8,0.5,0.18,0.25,7,"conjunctive",0.25,2,"1","c2","Au=1",-0.0252882879335965,"Au","Au=1",1,FALSE
"139","0","10","1","1","0","0","0",0.9,0.5,0.8,0.5,0.18,0.25,7,"conjunctive",0.25,2,"1","c2","B",-0.0152385863388066,"B","B=1",1,FALSE
"140","0","10","1","1","0","0","0",0.9,0.5,0.8,0.5,0.18,0.25,7,"conjunctive",0.25,2,"1","c2","Bu=0",0.143791340833183,"Bu","Bu=0",1,TRUE
"141","0","11","1","1","1","0","0",0.9,0.5,0.8,0.5,0.18,0.25,8,"conjunctive",0.25,2,"1","c2","A",0.815837154147256,"A","A=0",1,TRUE
"142","0","11","1","1","1","0","0",0.9,0.5,0.8,0.5,0.18,0.25,8,"conjunctive",0.25,2,"1","c2","Au=1",-0.0605324469230962,"Au","Au=1",1,FALSE
"143","0","11","1","1","1","0","0",0.9,0.5,0.8,0.5,0.18,0.25,8,"conjunctive",0.25,2,"1","c2","B",-0.0363918766644165,"B","B=1",1,FALSE
"144","0","11","1","1","1","0","0",0.9,0.5,0.8,0.5,0.18,0.25,8,"conjunctive",0.25,2,"1","c2","Bu=1",-0.0605400648535825,"Bu","Bu=1",1,FALSE
"145","1","00","0","0","0","0","0",0.1,0.5,0.2,0.5,0.005,0.25,9,"conjunctive",0.25,3,"1","c3","A",-0.0381870018660387,"A","A=1",1,FALSE
"146","1","00","0","0","0","0","0",0.1,0.5,0.2,0.5,0.005,0.25,9,"conjunctive",0.25,3,"1","c3","Au=0",0.149865996945695,"Au","Au=0",1,TRUE
"147","1","00","0","0","0","0","0",0.1,0.5,0.2,0.5,0.005,0.25,9,"conjunctive",0.25,3,"1","c3","B",0.112036748287811,"B","B=0",1,TRUE
"148","1","00","0","0","0","0","0",0.1,0.5,0.2,0.5,0.005,0.25,9,"conjunctive",0.25,3,"1","c3","Bu=0",0.149593024163615,"Bu","Bu=0",1,TRUE
"149","1","01","0","0","1","0","0",0.1,0.5,0.2,0.5,0.005,0.25,10,"conjunctive",0.25,3,"1","c3","A",-0.091975023479138,"A","A=1",1,FALSE
"150","1","01","0","0","1","0","0",0.1,0.5,0.2,0.5,0.005,0.25,10,"conjunctive",0.25,3,"1","c3","Au=0",0.359754714237101,"Au","Au=0",1,TRUE
"151","1","01","0","0","1","0","0",0.1,0.5,0.2,0.5,0.005,0.25,10,"conjunctive",0.25,3,"1","c3","B",0.268825671835054,"B","B=0",1,TRUE
"152","1","01","0","0","1","0","0",0.1,0.5,0.2,0.5,0.005,0.25,10,"conjunctive",0.25,3,"1","c3","Bu=1",-0.0635822560259165,"Bu","Bu=1",1,FALSE
"153","1","10","1","0","0","0","0",0.1,0.5,0.2,0.5,0.005,0.25,11,"conjunctive",0.25,3,"1","c3","A",-0.092240757200037,"A","A=1",1,FALSE
"154","1","10","1","0","0","0","0",0.1,0.5,0.2,0.5,0.005,0.25,11,"conjunctive",0.25,3,"1","c3","Au=1",-0.0635375972872484,"Au","Au=1",1,FALSE
"155","1","10","1","0","0","0","0",0.1,0.5,0.2,0.5,0.005,0.25,11,"conjunctive",0.25,3,"1","c3","B",0.26959958642421,"B","B=0",1,TRUE
"156","1","10","1","0","0","0","0",0.1,0.5,0.2,0.5,0.005,0.25,11,"conjunctive",0.25,3,"1","c3","Bu=0",0.360837002006557,"Bu","Bu=0",1,TRUE
"157","1","11","1","0","1","0","0",0.1,0.5,0.2,0.5,0.005,0.25,12,"conjunctive",0.25,3,"1","c3","A",-0.231725224037501,"A","A=1",1,FALSE
"158","1","11","1","0","1","0","0",0.1,0.5,0.2,0.5,0.005,0.25,12,"conjunctive",0.25,3,"1","c3","Au=1",-0.160485303505183,"Au","Au=1",1,FALSE
"159","1","11","1","0","1","0","0",0.1,0.5,0.2,0.5,0.005,0.25,12,"conjunctive",0.25,3,"1","c3","B",0.678454050315623,"B","B=0",1,TRUE
"160","1","11","1","0","1","0","0",0.1,0.5,0.2,0.5,0.005,0.25,12,"conjunctive",0.25,3,"1","c3","Bu=1",-0.160116486209126,"Bu","Bu=1",1,FALSE
"161","1","00","0","1","0","0","0",0.1,0.5,0.8,0.5,0.02,0.25,13,"conjunctive",0.333333333333333,4,"1","c4","A",-0.0766711677278618,"A","A=1",1,FALSE
"162","1","00","0","1","0","0","0",0.1,0.5,0.8,0.5,0.02,0.25,13,"conjunctive",0.333333333333333,4,"1","c4","Au=0",0.299363352763462,"Au","Au=0",1,TRUE
"163","1","00","0","1","0","0","0",0.1,0.5,0.8,0.5,0.02,0.25,13,"conjunctive",0.333333333333333,4,"1","c4","B",-0.0318680632792916,"B","B=1",1,FALSE
"164","1","00","0","1","0","0","0",0.1,0.5,0.8,0.5,0.02,0.25,13,"conjunctive",0.333333333333333,4,"1","c4","Bu=0",0.300062580938944,"Bu","Bu=0",1,TRUE
"165","1","00","0","1","0","1","0",0.1,0.5,0.8,0.5,0.02,0.25,14,"conjunctive",0,5,"1","c5","A",0.0758711917202182,"A","A=1",1,TRUE
"166","1","00","0","1","0","1","0",0.1,0.5,0.8,0.5,0.02,0.25,14,"conjunctive",0,5,"1","c5","Au=0",-0.297043357332842,"Au","Au=0",1,FALSE
"167","1","00","0","1","0","1","0",0.1,0.5,0.8,0.5,0.02,0.25,14,"conjunctive",0,5,"1","c5","B",0.0314905215830523,"B","B=1",1,TRUE
"168","1","00","0","1","0","1","0",0.1,0.5,0.8,0.5,0.02,0.25,14,"conjunctive",0,5,"1","c5","Bu=0",-0.297101485332151,"Bu","Bu=0",1,FALSE
"169","1","01","0","1","1","0","0",0.1,0.5,0.8,0.5,0.02,0.25,15,"conjunctive",0.333333333333333,4,"1","c4","A",-0.18787396762471,"A","A=1",1,FALSE
"170","1","01","0","1","1","0","0",0.1,0.5,0.8,0.5,0.02,0.25,15,"conjunctive",0.333333333333333,4,"1","c4","Au=0",0.735769429496297,"Au","Au=0",1,TRUE
"171","1","01","0","1","1","0","0",0.1,0.5,0.8,0.5,0.02,0.25,15,"conjunctive",0.333333333333333,4,"1","c4","B",-0.0780314000015248,"B","B=1",1,FALSE
"172","1","01","0","1","1","0","0",0.1,0.5,0.8,0.5,0.02,0.25,15,"conjunctive",0.333333333333333,4,"1","c4","Bu=1",-0.130161372262152,"Bu","Bu=1",1,FALSE
"173","1","01","0","1","1","1","0",0.1,0.5,0.8,0.5,0.02,0.25,16,"conjunctive",0,5,"1","c5","A",0.188253569295369,"A","A=1",1,TRUE
"174","1","01","0","1","1","1","0",0.1,0.5,0.8,0.5,0.02,0.25,16,"conjunctive",0,5,"1","c5","Au=0",-0.736949165521414,"Au","Au=0",1,FALSE
"175","1","01","0","1","1","1","0",0.1,0.5,0.8,0.5,0.02,0.25,16,"conjunctive",0,5,"1","c5","B",0.0781915237519949,"B","B=1",1,TRUE
"176","1","01","0","1","1","1","0",0.1,0.5,0.8,0.5,0.02,0.25,16,"conjunctive",0,5,"1","c5","Bu=1",0.129380156528315,"Bu","Bu=1",1,TRUE
"177","1","10","1","1","0","0","0",0.1,0.5,0.8,0.5,0.02,0.25,17,"conjunctive",0.333333333333333,4,"1","c4","A",-0.18755011931989,"A","A=1",1,FALSE
"178","1","10","1","1","0","0","0",0.1,0.5,0.8,0.5,0.02,0.25,17,"conjunctive",0.333333333333333,4,"1","c4","Au=1",-0.129596840718844,"Au","Au=1",1,FALSE
"179","1","10","1","1","0","0","0",0.1,0.5,0.8,0.5,0.02,0.25,17,"conjunctive",0.333333333333333,4,"1","c4","B",-0.077900247864801,"B","B=1",1,FALSE
"180","1","10","1","1","0","0","0",0.1,0.5,0.8,0.5,0.02,0.25,17,"conjunctive",0.333333333333333,4,"1","c4","Bu=0",0.735568123627948,"Bu","Bu=0",1,TRUE
"181","1","10","1","1","0","1","0",0.1,0.5,0.8,0.5,0.02,0.25,18,"conjunctive",0,5,"1","c5","A",0.188746109596678,"A","A=1",1,TRUE
"182","1","10","1","1","0","1","0",0.1,0.5,0.8,0.5,0.02,0.25,18,"conjunctive",0,5,"1","c5","Au=1",0.130202016549453,"Au","Au=1",1,TRUE
"183","1","10","1","1","0","1","0",0.1,0.5,0.8,0.5,0.02,0.25,18,"conjunctive",0,5,"1","c5","B",0.0784256143257295,"B","B=1",1,TRUE
"184","1","10","1","1","0","1","0",0.1,0.5,0.8,0.5,0.02,0.25,18,"conjunctive",0,5,"1","c5","Bu=0",-0.736571984246927,"Bu","Bu=0",1,FALSE
"185","1","11","1","1","1","0","1",0.1,0.5,0.8,0.5,0.02,0.25,19,"conjunctive",0,4,"1","c4","A",-0.602226963250444,"A","A=1",1,FALSE
"186","1","11","1","1","1","0","1",0.1,0.5,0.8,0.5,0.02,0.25,19,"conjunctive",0,4,"1","c4","Au=1",-0.416775202739952,"Au","Au=1",1,FALSE
"187","1","11","1","1","1","0","1",0.1,0.5,0.8,0.5,0.02,0.25,19,"conjunctive",0,4,"1","c4","B",-0.250667193630116,"B","B=1",1,FALSE
"188","1","11","1","1","1","0","1",0.1,0.5,0.8,0.5,0.02,0.25,19,"conjunctive",0,4,"1","c4","Bu=1",-0.417421087065125,"Bu","Bu=1",1,FALSE
"189","1","11","1","1","1","1","1",0.1,0.5,0.8,0.5,0.02,0.25,20,"conjunctive",1,5,"1","c5","A",0.602074907726985,"A","A=1",1,TRUE
"190","1","11","1","1","1","1","1",0.1,0.5,0.8,0.5,0.02,0.25,20,"conjunctive",1,5,"1","c5","Au=1",0.416229647199041,"Au","Au=1",1,TRUE
"191","1","11","1","1","1","1","1",0.1,0.5,0.8,0.5,0.02,0.25,20,"conjunctive",1,5,"1","c5","B",0.251042929223674,"B","B=1",1,TRUE
"192","1","11","1","1","1","1","1",0.1,0.5,0.8,0.5,0.02,0.25,20,"conjunctive",1,5,"1","c5","Bu=1",0.417080830125649,"Bu","Bu=1",1,TRUE
"193","0","00","0","0","0","0","0",0.5,0.9,0.5,0.2,0.045,0.18,1,"disjunctive",0.18,1,"2","d1","A",0.0520449679264038,"A","A=0",1,TRUE
"194","0","00","0","0","0","0","0",0.5,0.9,0.5,0.2,0.045,0.18,1,"disjunctive",0.18,1,"2","d1","Au=0",0.122815360889296,"Au","Au=0",1,TRUE
"195","0","00","0","0","0","0","0",0.5,0.9,0.5,0.2,0.045,0.18,1,"disjunctive",0.18,1,"2","d1","B",0.433230895954517,"B","B=0",1,TRUE
"196","0","00","0","0","0","0","0",0.5,0.9,0.5,0.2,0.045,0.18,1,"disjunctive",0.18,1,"2","d1","Bu=0",0.324490568024101,"Bu","Bu=0",1,TRUE
"197","0","01","0","0","1","0","0",0.5,0.9,0.5,0.8,0.18,0.72,2,"disjunctive",0.72,1,"2","d1","A",0.026381248890985,"A","A=0",1,TRUE
"198","0","01","0","0","1","0","0",0.5,0.9,0.5,0.8,0.18,0.72,2,"disjunctive",0.72,1,"2","d1","Au=0",0.060949791567803,"Au","Au=0",1,TRUE
"199","0","01","0","0","1","0","0",0.5,0.9,0.5,0.8,0.18,0.72,2,"disjunctive",0.72,1,"2","d1","B",0.949755779595053,"B","B=0",1,TRUE
"200","0","01","0","0","1","0","0",0.5,0.9,0.5,0.8,0.18,0.72,2,"disjunctive",0.72,1,"2","d1","Bu=1",-0.100570360772188,"Bu","Bu=1",1,FALSE
"201","0","10","1","0","0","0","0",0.5,0.1,0.5,0.2,0.005,0.02,3,"disjunctive",0.02,1,"2","d1","A",0.72282717094627,"A","A=0",1,TRUE
"202","0","10","1","0","0","0","0",0.5,0.1,0.5,0.2,0.005,0.02,3,"disjunctive",0.02,1,"2","d1","Au=1",-0.184233806805912,"Au","Au=1",1,FALSE
"203","0","10","1","0","0","0","0",0.5,0.1,0.5,0.2,0.005,0.02,3,"disjunctive",0.02,1,"2","d1","B",0.21764267248908,"B","B=0",1,TRUE
"204","0","10","1","0","0","0","0",0.5,0.1,0.5,0.2,0.005,0.02,3,"disjunctive",0.02,1,"2","d1","Bu=0",0.162343541906784,"Bu","Bu=0",1,TRUE
"205","0","11","1","0","1","0","0",0.5,0.1,0.5,0.8,0.02,0.08,4,"disjunctive",0.08,1,"2","d1","A",0.528172341075081,"A","A=0",1,TRUE
"206","0","11","1","0","1","0","0",0.5,0.1,0.5,0.8,0.02,0.08,4,"disjunctive",0.08,1,"2","d1","Au=1",-0.13555877124434,"Au","Au=1",1,FALSE
"207","0","11","1","0","1","0","0",0.5,0.1,0.5,0.8,0.02,0.08,4,"disjunctive",0.08,1,"2","d1","B",0.703900331699271,"B","B=0",1,TRUE
"208","0","11","1","0","1","0","0",0.5,0.1,0.5,0.8,0.02,0.08,4,"disjunctive",0.08,1,"2","d1","Bu=1",-0.0773510487736851,"Bu","Bu=1",1,FALSE
"209","0","00","0","1","0","0","0",0.5,0.9,0.5,0.2,0.045,0.18,5,"disjunctive",0.9,2,"2","d2","A",0.0201815568535794,"A","A=0",1,TRUE
"210","0","00","0","1","0","0","0",0.5,0.9,0.5,0.2,0.045,0.18,5,"disjunctive",0.9,2,"2","d2","Au=0",0.0492810810785921,"Au","Au=0",1,TRUE
"211","0","00","0","1","0","0","0",0.5,0.9,0.5,0.2,0.045,0.18,5,"disjunctive",0.9,2,"2","d2","B",-0.210326903775764,"B","B=1",1,FALSE
"212","0","00","0","1","0","0","0",0.5,0.9,0.5,0.2,0.045,0.18,5,"disjunctive",0.9,2,"2","d2","Bu=0",0.890828223092872,"Bu","Bu=0",1,TRUE
"213","0","00","0","1","0","1","0",0.5,0.9,0.5,0.2,0.045,0.18,6,"disjunctive",0,3,"2","d3","A",-0.0207674691166954,"A","A=0",1,FALSE
"214","0","00","0","1","0","1","0",0.5,0.9,0.5,0.2,0.045,0.18,6,"disjunctive",0,3,"2","d3","Au=0",-0.0501885754590872,"Au","Au=0",1,FALSE
"215","0","00","0","1","0","1","0",0.5,0.9,0.5,0.2,0.045,0.18,6,"disjunctive",0,3,"2","d3","B",0.210539446816922,"B","B=1",1,TRUE
"216","0","00","0","1","0","1","0",0.5,0.9,0.5,0.2,0.045,0.18,6,"disjunctive",0,3,"2","d3","Bu=0",-0.890253840187944,"Bu","Bu=0",1,FALSE
"217","0","01","0","1","1","0","1",0.5,0.9,0.5,0.8,0.18,0.72,7,"disjunctive",0,2,"2","d2","A",0.0076601075814617,"A","A=0",1,TRUE
"218","0","01","0","1","1","0","1",0.5,0.9,0.5,0.8,0.18,0.72,7,"disjunctive",0,2,"2","d2","Au=0",0.0120864450386276,"Au","Au=0",1,TRUE
"219","0","01","0","1","1","0","1",0.5,0.9,0.5,0.8,0.18,0.72,7,"disjunctive",0,2,"2","d2","B",-0.835175971234952,"B","B=1",1,FALSE
"220","0","01","0","1","1","0","1",0.5,0.9,0.5,0.8,0.18,0.72,7,"disjunctive",0,2,"2","d2","Bu=1",-0.502600617541041,"Bu","Bu=1",1,FALSE
"221","0","01","0","1","1","1","1",0.5,0.9,0.5,0.8,0.18,0.72,8,"disjunctive",0.9,3,"2","d3","A",-0.00594382029712572,"A","A=0",1,FALSE
"222","0","01","0","1","1","1","1",0.5,0.9,0.5,0.8,0.18,0.72,8,"disjunctive",0.9,3,"2","d3","Au=0",-0.0124281152989063,"Au","Au=0",1,FALSE
"223","0","01","0","1","1","1","1",0.5,0.9,0.5,0.8,0.18,0.72,8,"disjunctive",0.9,3,"2","d3","B",0.834976402964678,"B","B=1",1,TRUE
"224","0","01","0","1","1","1","1",0.5,0.9,0.5,0.8,0.18,0.72,8,"disjunctive",0.9,3,"2","d3","Bu=1",0.503253215983593,"Bu","Bu=1",1,TRUE
"225","0","10","1","1","0","0","0",0.5,0.1,0.5,0.2,0.005,0.02,9,"disjunctive",0.1,2,"2","d2","A",0.456822172581082,"A","A=0",1,TRUE
"226","0","10","1","1","0","0","0",0.5,0.1,0.5,0.2,0.005,0.02,9,"disjunctive",0.1,2,"2","d2","Au=1",-0.115219525471551,"Au","Au=1",1,FALSE
"227","0","10","1","1","0","0","0",0.5,0.1,0.5,0.2,0.005,0.02,9,"disjunctive",0.1,2,"2","d2","B",-0.167417774643184,"B","B=1",1,FALSE
"228","0","10","1","1","0","0","0",0.5,0.1,0.5,0.2,0.005,0.02,9,"disjunctive",0.1,2,"2","d2","Bu=0",0.710738512730538,"Bu","Bu=0",1,TRUE
"229","0","10","1","1","0","1","0",0.5,0.1,0.5,0.2,0.005,0.02,10,"disjunctive",0,3,"2","d3","A",-0.456771635145984,"A","A=0",1,FALSE
"230","0","10","1","1","0","1","0",0.5,0.1,0.5,0.2,0.005,0.02,10,"disjunctive",0,3,"2","d3","Au=1",0.116950956753359,"Au","Au=1",1,TRUE
"231","0","10","1","1","0","1","0",0.5,0.1,0.5,0.2,0.005,0.02,10,"disjunctive",0,3,"2","d3","B",0.167680712786906,"B","B=1",1,TRUE
"232","0","10","1","1","0","1","0",0.5,0.1,0.5,0.2,0.005,0.02,10,"disjunctive",0,3,"2","d3","Bu=0",-0.711632080519335,"Bu","Bu=0",1,FALSE
"233","0","11","1","1","1","0","1",0.5,0.1,0.5,0.8,0.02,0.08,11,"disjunctive",0,2,"2","d2","A",0.13618487432348,"A","A=0",1,TRUE
"234","0","11","1","1","1","0","1",0.5,0.1,0.5,0.8,0.02,0.08,11,"disjunctive",0,2,"2","d2","Au=1",-0.0340624161537931,"Au","Au=1",1,FALSE
"235","0","11","1","1","1","0","1",0.5,0.1,0.5,0.8,0.02,0.08,11,"disjunctive",0,2,"2","d2","B",-0.779504245871679,"B","B=1",1,FALSE
"236","0","11","1","1","1","0","1",0.5,0.1,0.5,0.8,0.02,0.08,11,"disjunctive",0,2,"2","d2","Bu=1",-0.46974602981125,"Bu","Bu=1",1,FALSE
"237","0","11","1","1","1","1","1",0.5,0.1,0.5,0.8,0.02,0.08,12,"disjunctive",0.1,3,"2","d3","A",-0.135587784439843,"A","A=0",1,FALSE
"238","0","11","1","1","1","1","1",0.5,0.1,0.5,0.8,0.02,0.08,12,"disjunctive",0.1,3,"2","d3","Au=1",0.036779760613243,"Au","Au=1",1,TRUE
"239","0","11","1","1","1","1","1",0.5,0.1,0.5,0.8,0.02,0.08,12,"disjunctive",0.1,3,"2","d3","B",0.778970160095507,"B","B=1",1,TRUE
"240","0","11","1","1","1","1","1",0.5,0.1,0.5,0.8,0.02,0.08,12,"disjunctive",0.1,3,"2","d3","Bu=1",0.469901631901567,"Bu","Bu=1",1,TRUE
"241","1","00","0","0","0","0","0",0.5,0.9,0.5,0.2,0.045,0.18,13,"disjunctive",0.2,4,"2","d4","A",-0.0436257345818307,"A","A=1",1,FALSE
"242","1","00","0","0","0","0","0",0.5,0.9,0.5,0.2,0.045,0.18,13,"disjunctive",0.2,4,"2","d4","Au=0",0.588873051439723,"Au","Au=0",1,TRUE
"243","1","00","0","0","0","0","0",0.5,0.9,0.5,0.2,0.045,0.18,13,"disjunctive",0.2,4,"2","d4","B",0.348060459525878,"B","B=0",1,TRUE
"244","1","00","0","0","0","0","0",0.5,0.9,0.5,0.2,0.045,0.18,13,"disjunctive",0.2,4,"2","d4","Bu=0",0.259891558840766,"Bu","Bu=0",1,TRUE
"245","1","00","0","0","0","1","0",0.5,0.9,0.5,0.2,0.045,0.18,14,"disjunctive",0,5,"2","d5","A",0.0427744233997294,"A","A=1",1,TRUE
"246","1","00","0","0","0","1","0",0.5,0.9,0.5,0.2,0.045,0.18,14,"disjunctive",0,5,"2","d5","Au=0",-0.58395909951135,"Au","Au=0",1,FALSE
"247","1","00","0","0","0","1","0",0.5,0.9,0.5,0.2,0.045,0.18,14,"disjunctive",0,5,"2","d5","B",-0.351336760851421,"B","B=0",1,FALSE
"248","1","00","0","0","0","1","0",0.5,0.9,0.5,0.2,0.045,0.18,14,"disjunctive",0,5,"2","d5","Bu=0",-0.26186882135332,"Bu","Bu=0",1,FALSE
"249","1","01","0","0","1","0","0",0.5,0.9,0.5,0.8,0.18,0.72,15,"disjunctive",0.8,4,"2","d4","A",-0.0251260069805976,"A","A=1",1,FALSE
"250","1","01","0","0","1","0","0",0.5,0.9,0.5,0.8,0.18,0.72,15,"disjunctive",0.8,4,"2","d4","Au=0",0.338068542024132,"Au","Au=0",1,TRUE
"251","1","01","0","0","1","0","0",0.5,0.9,0.5,0.8,0.18,0.72,15,"disjunctive",0.8,4,"2","d4","B",0.885345915127222,"B","B=0",1,TRUE
"252","1","01","0","0","1","0","0",0.5,0.9,0.5,0.8,0.18,0.72,15,"disjunctive",0.8,4,"2","d4","Bu=1",-0.0936567652009604,"Bu","Bu=1",1,FALSE
"253","1","01","0","0","1","1","0",0.5,0.9,0.5,0.8,0.18,0.72,16,"disjunctive",0,5,"2","d5","A",0.0265033293627571,"A","A=1",1,TRUE
"254","1","01","0","0","1","1","0",0.5,0.9,0.5,0.8,0.18,0.72,16,"disjunctive",0,5,"2","d5","Au=0",-0.335894387815776,"Au","Au=0",1,FALSE
"255","1","01","0","0","1","1","0",0.5,0.9,0.5,0.8,0.18,0.72,16,"disjunctive",0,5,"2","d5","B",-0.886753835131234,"B","B=0",1,FALSE
"256","1","01","0","0","1","1","0",0.5,0.9,0.5,0.8,0.18,0.72,16,"disjunctive",0,5,"2","d5","Bu=1",0.0934511043112706,"Bu","Bu=1",1,TRUE
"257","1","10","1","0","0","0","1",0.5,0.1,0.5,0.2,0.005,0.02,17,"disjunctive",0,4,"2","d4","A",-0.52266365285886,"A","A=1",1,FALSE
"258","1","10","1","0","0","0","1",0.5,0.1,0.5,0.2,0.005,0.02,17,"disjunctive",0,4,"2","d4","Au=1",-0.754484642124381,"Au","Au=1",1,FALSE
"259","1","10","1","0","0","0","1",0.5,0.1,0.5,0.2,0.005,0.02,17,"disjunctive",0,4,"2","d4","B",0.068198521556632,"B","B=0",1,TRUE
"260","1","10","1","0","0","0","1",0.5,0.1,0.5,0.2,0.005,0.02,17,"disjunctive",0,4,"2","d4","Bu=0",0.049905852226317,"Bu","Bu=0",1,TRUE
"261","1","10","1","0","0","1","1",0.5,0.1,0.5,0.2,0.005,0.02,18,"disjunctive",0.2,5,"2","d5","A",0.520819213471375,"A","A=1",1,TRUE
"262","1","10","1","0","0","1","1",0.5,0.1,0.5,0.2,0.005,0.02,18,"disjunctive",0.2,5,"2","d5","Au=1",0.755510709333171,"Au","Au=1",1,TRUE
"263","1","10","1","0","0","1","1",0.5,0.1,0.5,0.2,0.005,0.02,18,"disjunctive",0.2,5,"2","d5","B",-0.0685606067899469,"B","B=0",1,FALSE
"264","1","10","1","0","0","1","1",0.5,0.1,0.5,0.2,0.005,0.02,18,"disjunctive",0.2,5,"2","d5","Bu=0",-0.0520672225126204,"Bu","Bu=0",1,FALSE
"265","1","11","1","0","1","0","1",0.5,0.1,0.5,0.8,0.02,0.08,19,"disjunctive",0,4,"2","d4","A",-0.477454911072647,"A","A=1",1,FALSE
"266","1","11","1","0","1","0","1",0.5,0.1,0.5,0.8,0.02,0.08,19,"disjunctive",0,4,"2","d4","Au=1",-0.691829386978224,"Au","Au=1",1,FALSE
"267","1","11","1","0","1","0","1",0.5,0.1,0.5,0.8,0.02,0.08,19,"disjunctive",0,4,"2","d4","B",0.271838159554581,"B","B=0",1,TRUE
"268","1","11","1","0","1","0","1",0.5,0.1,0.5,0.8,0.02,0.08,19,"disjunctive",0,4,"2","d4","Bu=1",-0.0263953987337801,"Bu","Bu=1",1,FALSE
"269","1","11","1","0","1","1","1",0.5,0.1,0.5,0.8,0.02,0.08,20,"disjunctive",0.8,5,"2","d5","A",0.476236084650861,"A","A=1",1,TRUE
"270","1","11","1","0","1","1","1",0.5,0.1,0.5,0.8,0.02,0.08,20,"disjunctive",0.8,5,"2","d5","Au=1",0.692483673833346,"Au","Au=1",1,TRUE
"271","1","11","1","0","1","1","1",0.5,0.1,0.5,0.8,0.02,0.08,20,"disjunctive",0.8,5,"2","d5","B",-0.271138843796635,"B","B=0",1,FALSE
"272","1","11","1","0","1","1","1",0.5,0.1,0.5,0.8,0.02,0.08,20,"disjunctive",0.8,5,"2","d5","Bu=1",0.027563179832361,"Bu","Bu=1",1,TRUE
"273","1","00","0","1","0","0","0",0.5,0.9,0.5,0.2,0.045,0.18,21,"disjunctive",1,6,"2","d6","A",-0.0188867200516921,"A","A=1",1,FALSE
"274","1","00","0","1","0","0","0",0.5,0.9,0.5,0.2,0.045,0.18,21,"disjunctive",1,6,"2","d6","Au=0",0.276696708835207,"Au","Au=0",1,TRUE
"275","1","00","0","1","0","0","0",0.5,0.9,0.5,0.2,0.045,0.18,21,"disjunctive",1,6,"2","d6","B",-0.200049889969472,"B","B=1",1,FALSE
"276","1","00","0","1","0","0","0",0.5,0.9,0.5,0.2,0.045,0.18,21,"disjunctive",1,6,"2","d6","Bu=0",0.847628047475179,"Bu","Bu=0",1,TRUE
"277","1","00","0","1","0","1","0",0.5,0.9,0.5,0.2,0.045,0.18,22,"disjunctive",0,7,"2","d7","A",0.0202813400500981,"A","A=1",1,TRUE
"278","1","00","0","1","0","1","0",0.5,0.9,0.5,0.2,0.045,0.18,22,"disjunctive",0,7,"2","d7","Au=0",-0.276942313547929,"Au","Au=0",1,FALSE
"279","1","00","0","1","0","1","0",0.5,0.9,0.5,0.2,0.045,0.18,22,"disjunctive",0,7,"2","d7","B",0.200189117822652,"B","B=1",1,TRUE
"280","1","00","0","1","0","1","0",0.5,0.9,0.5,0.2,0.045,0.18,22,"disjunctive",0,7,"2","d7","Bu=0",-0.848416679939018,"Bu","Bu=0",1,FALSE
"281","1","01","0","1","1","0","1",0.5,0.9,0.5,0.8,0.18,0.72,23,"disjunctive",0,6,"2","d6","A",-0.00600402818469493,"A","A=1",1,FALSE
"282","1","01","0","1","1","0","1",0.5,0.9,0.5,0.8,0.18,0.72,23,"disjunctive",0,6,"2","d6","Au=0",0.073583999390758,"Au","Au=0",1,TRUE
"283","1","01","0","1","1","0","1",0.5,0.9,0.5,0.8,0.18,0.72,23,"disjunctive",0,6,"2","d6","B",-0.824558419183066,"B","B=1",1,FALSE
"284","1","01","0","1","1","0","1",0.5,0.9,0.5,0.8,0.18,0.72,23,"disjunctive",0,6,"2","d6","Bu=1",-0.496274044881872,"Bu","Bu=1",1,FALSE
"285","1","01","0","1","1","1","1",0.5,0.9,0.5,0.8,0.18,0.72,24,"disjunctive",0.878048780487805,7,"2","d7","A",0.00592789729354854,"A","A=1",1,TRUE
"286","1","01","0","1","1","1","1",0.5,0.9,0.5,0.8,0.18,0.72,24,"disjunctive",0.878048780487805,7,"2","d7","Au=0",-0.0737040464785195,"Au","Au=0",1,FALSE
"287","1","01","0","1","1","1","1",0.5,0.9,0.5,0.8,0.18,0.72,24,"disjunctive",0.878048780487805,7,"2","d7","B",0.823896731303596,"B","B=1",1,TRUE
"288","1","01","0","1","1","1","1",0.5,0.9,0.5,0.8,0.18,0.72,24,"disjunctive",0.878048780487805,7,"2","d7","Bu=1",0.49522299122855,"Bu","Bu=1",1,TRUE
"289","1","10","1","1","0","0","1",0.5,0.1,0.5,0.2,0.005,0.02,25,"disjunctive",0,6,"2","d6","A",-0.449763782176338,"A","A=1",1,FALSE
"290","1","10","1","1","0","0","1",0.5,0.1,0.5,0.2,0.005,0.02,25,"disjunctive",0,6,"2","d6","Au=1",-0.654678622986307,"Au","Au=1",1,FALSE
"291","1","10","1","1","0","0","1",0.5,0.1,0.5,0.2,0.005,0.02,25,"disjunctive",0,6,"2","d6","B",-0.0711505203876027,"B","B=1",1,FALSE
"292","1","10","1","1","0","0","1",0.5,0.1,0.5,0.2,0.005,0.02,25,"disjunctive",0,6,"2","d6","Bu=0",0.300284009000996,"Bu","Bu=0",1,TRUE
"293","1","10","1","1","0","1","1",0.5,0.1,0.5,0.2,0.005,0.02,26,"disjunctive",0.024390243902439,7,"2","d7","A",0.452239320679688,"A","A=1",1,TRUE
"294","1","10","1","1","0","1","1",0.5,0.1,0.5,0.2,0.005,0.02,26,"disjunctive",0.024390243902439,7,"2","d7","Au=1",0.654650660472298,"Au","Au=1",1,TRUE
"295","1","10","1","1","0","1","1",0.5,0.1,0.5,0.2,0.005,0.02,26,"disjunctive",0.024390243902439,7,"2","d7","B",0.068019023823858,"B","B=1",1,TRUE
"296","1","10","1","1","0","1","1",0.5,0.1,0.5,0.2,0.005,0.02,26,"disjunctive",0.024390243902439,7,"2","d7","Bu=0",-0.300407674301061,"Bu","Bu=0",1,FALSE
"297","1","11","1","1","1","0","1",0.5,0.1,0.5,0.8,0.02,0.08,27,"disjunctive",0,6,"2","d6","A",-0.199668898644694,"A","A=1",1,FALSE
"298","1","11","1","1","1","0","1",0.5,0.1,0.5,0.8,0.02,0.08,27,"disjunctive",0,6,"2","d6","Au=1",-0.28310553265155,"Au","Au=1",1,FALSE
"299","1","11","1","1","1","0","1",0.5,0.1,0.5,0.8,0.02,0.08,27,"disjunctive",0,6,"2","d6","B",-0.481293814363403,"B","B=1",1,FALSE
"300","1","11","1","1","1","0","1",0.5,0.1,0.5,0.8,0.02,0.08,27,"disjunctive",0,6,"2","d6","Bu=1",-0.286780450714472,"Bu","Bu=1",1,FALSE
"301","1","11","1","1","1","1","1",0.5,0.1,0.5,0.8,0.02,0.08,28,"disjunctive",0.0975609756097561,7,"2","d7","A",0.197295355114765,"A","A=1",1,TRUE
"302","1","11","1","1","1","1","1",0.5,0.1,0.5,0.8,0.02,0.08,28,"disjunctive",0.0975609756097561,7,"2","d7","Au=1",0.285232125270515,"Au","Au=1",1,TRUE
"303","1","11","1","1","1","1","1",0.5,0.1,0.5,0.8,0.02,0.08,28,"disjunctive",0.0975609756097561,7,"2","d7","B",0.478774450672844,"B","B=1",1,TRUE
"304","1","11","1","1","1","1","1",0.5,0.1,0.5,0.8,0.02,0.08,28,"disjunctive",0.0975609756097561,7,"2","d7","Bu=1",0.28712891173494,"Bu","Bu=1",1,TRUE
"305","0","00","0","0","0","0","0",0.5,0.9,0.5,0.2,0.045,0.18,1,"conjunctive",0.18,1,"2","c1","A",0.0296613208821836,"A","A=0",1,TRUE
"306","0","00","0","0","0","0","0",0.5,0.9,0.5,0.2,0.045,0.18,1,"conjunctive",0.18,1,"2","c1","Au=0",0.0708527553636911,"Au","Au=0",1,TRUE
"307","0","00","0","0","0","0","0",0.5,0.9,0.5,0.2,0.045,0.18,1,"conjunctive",0.18,1,"2","c1","B",0.0296573898413086,"B","B=0",1,TRUE
"308","0","00","0","0","0","0","0",0.5,0.9,0.5,0.2,0.045,0.18,1,"conjunctive",0.18,1,"2","c1","Bu=0",0.0221712722323385,"Bu","Bu=0",1,TRUE
"309","0","01","0","0","1","0","0",0.5,0.9,0.5,0.8,0.18,0.72,2,"conjunctive",0.72,1,"2","c1","A",0.0604316621319997,"A","A=0",1,TRUE
"310","0","01","0","0","1","0","0",0.5,0.9,0.5,0.8,0.18,0.72,2,"conjunctive",0.72,1,"2","c1","Au=0",0.144750912941797,"Au","Au=0",1,TRUE
"311","0","01","0","0","1","0","0",0.5,0.9,0.5,0.8,0.18,0.72,2,"conjunctive",0.72,1,"2","c1","B",0.0603711343369564,"B","B=0",1,TRUE
"312","0","01","0","0","1","0","0",0.5,0.9,0.5,0.8,0.18,0.72,2,"conjunctive",0.72,1,"2","c1","Bu=1",-0.00639583248513041,"Bu","Bu=1",1,FALSE
"313","0","10","1","0","0","0","0",0.5,0.1,0.5,0.2,0.005,0.02,3,"conjunctive",0.02,1,"2","c1","A",0.1489785880952,"A","A=0",1,TRUE
"314","0","10","1","0","0","0","0",0.5,0.1,0.5,0.2,0.005,0.02,3,"conjunctive",0.02,1,"2","c1","Au=1",-0.0380942174963504,"Au","Au=1",1,FALSE
"315","0","10","1","0","0","0","0",0.5,0.1,0.5,0.2,0.005,0.02,3,"conjunctive",0.02,1,"2","c1","B",0.1492980086469,"B","B=0",1,TRUE
"316","0","10","1","0","0","0","0",0.5,0.1,0.5,0.2,0.005,0.02,3,"conjunctive",0.02,1,"2","c1","Bu=0",0.11139790703179,"Bu","Bu=0",1,TRUE
"317","0","11","1","0","1","0","0",0.5,0.1,0.5,0.8,0.02,0.08,4,"conjunctive",0.08,1,"2","c1","A",0.298771002021417,"A","A=0",1,TRUE
"318","0","11","1","0","1","0","0",0.5,0.1,0.5,0.8,0.02,0.08,4,"conjunctive",0.08,1,"2","c1","Au=1",-0.076243998969222,"Au","Au=1",1,FALSE
"319","0","11","1","0","1","0","0",0.5,0.1,0.5,0.8,0.02,0.08,4,"conjunctive",0.08,1,"2","c1","B",0.298638253029761,"B","B=0",1,TRUE
"320","0","11","1","0","1","0","0",0.5,0.1,0.5,0.8,0.02,0.08,4,"conjunctive",0.08,1,"2","c1","Bu=1",-0.031846085274887,"Bu","Bu=1",1,FALSE
"321","0","00","0","1","0","0","0",0.5,0.9,0.5,0.2,0.045,0.18,5,"conjunctive",0.18,2,"2","c2","A",0.0721989380488944,"A","A=0",1,TRUE
"322","0","00","0","1","0","0","0",0.5,0.9,0.5,0.2,0.045,0.18,5,"conjunctive",0.18,2,"2","c2","Au=0",0.172728437340371,"Au","Au=0",1,TRUE
"323","0","00","0","1","0","0","0",0.5,0.9,0.5,0.2,0.045,0.18,5,"conjunctive",0.18,2,"2","c2","B",-0.0127273987167075,"B","B=1",1,FALSE
"324","0","00","0","1","0","0","0",0.5,0.9,0.5,0.2,0.045,0.18,5,"conjunctive",0.18,2,"2","c2","Bu=0",0.0539896007098237,"Bu","Bu=0",1,TRUE
"325","0","01","0","1","1","0","0",0.5,0.9,0.5,0.8,0.18,0.72,6,"conjunctive",0.72,2,"2","c2","A",0.142227714716344,"A","A=0",1,TRUE
"326","0","01","0","1","1","0","0",0.5,0.9,0.5,0.8,0.18,0.72,6,"conjunctive",0.72,2,"2","c2","Au=0",0.339294674533435,"Au","Au=0",1,TRUE
"327","0","01","0","1","1","0","0",0.5,0.9,0.5,0.8,0.18,0.72,6,"conjunctive",0.72,2,"2","c2","B",-0.0250746800996688,"B","B=1",1,FALSE
"328","0","01","0","1","1","0","0",0.5,0.9,0.5,0.8,0.18,0.72,6,"conjunctive",0.72,2,"2","c2","Bu=1",-0.015100015003148,"Bu","Bu=1",1,FALSE
"329","0","10","1","1","0","0","0",0.5,0.1,0.5,0.2,0.005,0.02,7,"conjunctive",0.02,2,"2","c2","A",0.358022952273876,"A","A=0",1,TRUE
"330","0","10","1","1","0","0","0",0.5,0.1,0.5,0.2,0.005,0.02,7,"conjunctive",0.02,2,"2","c2","Au=1",-0.0915078767461088,"Au","Au=1",1,FALSE
"331","0","10","1","1","0","0","0",0.5,0.1,0.5,0.2,0.005,0.02,7,"conjunctive",0.02,2,"2","c2","B",-0.0631669173178904,"B","B=1",1,FALSE
"332","0","10","1","1","0","0","0",0.5,0.1,0.5,0.2,0.005,0.02,7,"conjunctive",0.02,2,"2","c2","Bu=0",0.267160169716245,"Bu","Bu=0",1,TRUE
"333","0","11","1","1","1","0","0",0.5,0.1,0.5,0.8,0.02,0.08,8,"conjunctive",0.08,2,"2","c2","A",0.734852188263301,"A","A=0",1,TRUE
"334","0","11","1","1","1","0","0",0.5,0.1,0.5,0.8,0.02,0.08,8,"conjunctive",0.08,2,"2","c2","Au=1",-0.18836350129527,"Au","Au=1",1,FALSE
"335","0","11","1","1","1","0","0",0.5,0.1,0.5,0.8,0.02,0.08,8,"conjunctive",0.08,2,"2","c2","B",-0.12985131267442,"B","B=1",1,FALSE
"336","0","11","1","1","1","0","0",0.5,0.1,0.5,0.8,0.02,0.08,8,"conjunctive",0.08,2,"2","c2","Bu=1",-0.0778893261785283,"Bu","Bu=1",1,FALSE
"337","1","00","0","0","0","0","0",0.5,0.9,0.5,0.2,0.045,0.18,9,"conjunctive",0.18,3,"2","c3","A",-0.0127391758753455,"A","A=1",1,FALSE
"338","1","00","0","0","0","0","0",0.5,0.9,0.5,0.2,0.045,0.18,9,"conjunctive",0.18,3,"2","c3","Au=0",0.172031410125611,"Au","Au=0",1,TRUE
"339","1","00","0","0","0","0","0",0.5,0.9,0.5,0.2,0.045,0.18,9,"conjunctive",0.18,3,"2","c3","B",0.0723382704334881,"B","B=0",1,TRUE
"340","1","00","0","0","0","0","0",0.5,0.9,0.5,0.2,0.045,0.18,9,"conjunctive",0.18,3,"2","c3","Bu=0",0.0539367495628891,"Bu","Bu=0",1,TRUE
"341","1","01","0","0","1","0","0",0.5,0.9,0.5,0.8,0.18,0.72,10,"conjunctive",0.72,3,"2","c3","A",-0.0250924538332862,"A","A=1",1,FALSE
"342","1","01","0","0","1","0","0",0.5,0.9,0.5,0.8,0.18,0.72,10,"conjunctive",0.72,3,"2","c3","Au=0",0.340647902279669,"Au","Au=0",1,TRUE
"343","1","01","0","0","1","0","0",0.5,0.9,0.5,0.8,0.18,0.72,10,"conjunctive",0.72,3,"2","c3","B",0.14238839283232,"B","B=0",1,TRUE
"344","1","01","0","0","1","0","0",0.5,0.9,0.5,0.8,0.18,0.72,10,"conjunctive",0.72,3,"2","c3","Bu=1",-0.0150890386253102,"Bu","Bu=1",1,FALSE
"345","1","10","1","0","0","0","0",0.5,0.1,0.5,0.2,0.005,0.02,11,"conjunctive",0.02,3,"2","c3","A",-0.0636874546908193,"A","A=1",1,FALSE
"346","1","10","1","0","0","0","0",0.5,0.1,0.5,0.2,0.005,0.02,11,"conjunctive",0.02,3,"2","c3","Au=1",-0.0922165718108539,"Au","Au=1",1,FALSE
"347","1","10","1","0","0","0","0",0.5,0.1,0.5,0.2,0.005,0.02,11,"conjunctive",0.02,3,"2","c3","B",0.360583995605678,"B","B=0",1,TRUE
"348","1","10","1","0","0","0","0",0.5,0.1,0.5,0.2,0.005,0.02,11,"conjunctive",0.02,3,"2","c3","Bu=0",0.269422971014092,"Bu","Bu=0",1,TRUE
"349","1","11","1","0","1","0","0",0.5,0.1,0.5,0.8,0.02,0.08,12,"conjunctive",0.08,3,"2","c3","A",-0.130281580449551,"A","A=1",1,FALSE
"350","1","11","1","0","1","0","0",0.5,0.1,0.5,0.8,0.02,0.08,12,"conjunctive",0.08,3,"2","c3","Au=1",-0.188327818927966,"Au","Au=1",1,FALSE
"351","1","11","1","0","1","0","0",0.5,0.1,0.5,0.8,0.02,0.08,12,"conjunctive",0.08,3,"2","c3","B",0.73755377057744,"B","B=0",1,TRUE
"352","1","11","1","0","1","0","0",0.5,0.1,0.5,0.8,0.02,0.08,12,"conjunctive",0.08,3,"2","c3","Bu=1",-0.0782762468479107,"Bu","Bu=1",1,FALSE
"353","1","00","0","1","0","0","0",0.5,0.9,0.5,0.2,0.045,0.18,13,"conjunctive",0.195652173913043,4,"2","c4","A",-0.0299498599112212,"A","A=1",1,FALSE
"354","1","00","0","1","0","0","0",0.5,0.9,0.5,0.2,0.045,0.18,13,"conjunctive",0.195652173913043,4,"2","c4","Au=0",0.410140898334671,"Au","Au=0",1,TRUE
"355","1","00","0","1","0","0","0",0.5,0.9,0.5,0.2,0.045,0.18,13,"conjunctive",0.195652173913043,4,"2","c4","B",-0.0299574306950685,"B","B=1",1,FALSE
"356","1","00","0","1","0","0","0",0.5,0.9,0.5,0.2,0.045,0.18,13,"conjunctive",0.195652173913043,4,"2","c4","Bu=0",0.126832915478717,"Bu","Bu=0",1,TRUE
"357","1","00","0","1","0","1","0",0.5,0.9,0.5,0.2,0.045,0.18,14,"conjunctive",0,5,"2","c5","A",0.0307990576737644,"A","A=1",1,TRUE
"358","1","00","0","1","0","1","0",0.5,0.9,0.5,0.2,0.045,0.18,14,"conjunctive",0,5,"2","c5","Au=0",-0.417785484946772,"Au","Au=0",1,FALSE
"359","1","00","0","1","0","1","0",0.5,0.9,0.5,0.2,0.045,0.18,14,"conjunctive",0,5,"2","c5","B",0.0309189162805966,"B","B=1",1,TRUE
"360","1","00","0","1","0","1","0",0.5,0.9,0.5,0.2,0.045,0.18,14,"conjunctive",0,5,"2","c5","Bu=0",-0.130652886677932,"Bu","Bu=0",1,FALSE
"361","1","01","0","1","1","0","0",0.5,0.9,0.5,0.8,0.18,0.72,15,"conjunctive",0.782608695652174,4,"2","c4","A",-0.0604280057948031,"A","A=1",1,FALSE
"362","1","01","0","1","1","0","0",0.5,0.9,0.5,0.8,0.18,0.72,15,"conjunctive",0.782608695652174,4,"2","c4","Au=0",0.819540826949105,"Au","Au=0",1,TRUE
"363","1","01","0","1","1","0","0",0.5,0.9,0.5,0.8,0.18,0.72,15,"conjunctive",0.782608695652174,4,"2","c4","B",-0.0604464864207106,"B","B=1",1,FALSE
"364","1","01","0","1","1","0","0",0.5,0.9,0.5,0.8,0.18,0.72,15,"conjunctive",0.782608695652174,4,"2","c4","Bu=1",-0.0364505257391561,"Bu","Bu=1",1,FALSE
"365","1","01","0","1","1","1","0",0.5,0.9,0.5,0.8,0.18,0.72,16,"conjunctive",0,5,"2","c5","A",0.0607603032602635,"A","A=1",1,TRUE
"366","1","01","0","1","1","1","0",0.5,0.9,0.5,0.8,0.18,0.72,16,"conjunctive",0,5,"2","c5","Au=0",-0.822063085650469,"Au","Au=0",1,FALSE
"367","1","01","0","1","1","1","0",0.5,0.9,0.5,0.8,0.18,0.72,16,"conjunctive",0,5,"2","c5","B",0.0608439771991572,"B","B=1",1,TRUE
"368","1","01","0","1","1","1","0",0.5,0.9,0.5,0.8,0.18,0.72,16,"conjunctive",0,5,"2","c5","Bu=1",0.0365968067912835,"Bu","Bu=1",1,TRUE
"369","1","10","1","1","0","0","0",0.5,0.1,0.5,0.2,0.005,0.02,17,"conjunctive",0.0217391304347826,4,"2","c4","A",-0.160046235830273,"A","A=1",1,FALSE
"370","1","10","1","1","0","0","0",0.5,0.1,0.5,0.2,0.005,0.02,17,"conjunctive",0.0217391304347826,4,"2","c4","Au=1",-0.231215248514153,"Au","Au=1",1,FALSE
"371","1","10","1","1","0","0","0",0.5,0.1,0.5,0.2,0.005,0.02,17,"conjunctive",0.0217391304347826,4,"2","c4","B",-0.15997361496314,"B","B=1",1,FALSE
"372","1","10","1","1","0","0","0",0.5,0.1,0.5,0.2,0.005,0.02,17,"conjunctive",0.0217391304347826,4,"2","c4","Bu=0",0.678149192697577,"Bu","Bu=0",1,TRUE
"373","1","10","1","1","0","1","0",0.5,0.1,0.5,0.2,0.005,0.02,18,"conjunctive",0,5,"2","c5","A",0.159608654360184,"A","A=1",1,TRUE
"374","1","10","1","1","0","1","0",0.5,0.1,0.5,0.2,0.005,0.02,18,"conjunctive",0,5,"2","c5","Au=1",0.230750043043793,"Au","Au=1",1,TRUE
"375","1","10","1","1","0","1","0",0.5,0.1,0.5,0.2,0.005,0.02,18,"conjunctive",0,5,"2","c5","B",0.159103971682707,"B","B=1",1,TRUE
"376","1","10","1","1","0","1","0",0.5,0.1,0.5,0.2,0.005,0.02,18,"conjunctive",0,5,"2","c5","Bu=0",-0.677971260796057,"Bu","Bu=0",1,FALSE
"377","1","11","1","1","1","0","1",0.5,0.1,0.5,0.8,0.02,0.08,19,"conjunctive",0,4,"2","c4","A",-0.41653596663922,"A","A=1",1,FALSE
"378","1","11","1","1","1","0","1",0.5,0.1,0.5,0.8,0.02,0.08,19,"conjunctive",0,4,"2","c4","Au=1",-0.60310434062689,"Au","Au=1",1,FALSE
"379","1","11","1","1","1","0","1",0.5,0.1,0.5,0.8,0.02,0.08,19,"conjunctive",0,4,"2","c4","B",-0.416045893301605,"B","B=1",1,FALSE
"380","1","11","1","1","1","0","1",0.5,0.1,0.5,0.8,0.02,0.08,19,"conjunctive",0,4,"2","c4","Bu=1",-0.250233109301285,"Bu","Bu=1",1,FALSE
"381","1","11","1","1","1","1","1",0.5,0.1,0.5,0.8,0.02,0.08,20,"conjunctive",1,5,"2","c5","A",0.416883194707475,"A","A=1",1,TRUE
"382","1","11","1","1","1","1","1",0.5,0.1,0.5,0.8,0.02,0.08,20,"conjunctive",1,5,"2","c5","Au=1",0.602677117034054,"Au","Au=1",1,TRUE
"383","1","11","1","1","1","1","1",0.5,0.1,0.5,0.8,0.02,0.08,20,"conjunctive",1,5,"2","c5","B",0.417340677948756,"B","B=1",1,TRUE
"384","1","11","1","1","1","1","1",0.5,0.1,0.5,0.8,0.02,0.08,20,"conjunctive",1,5,"2","c5","Bu=1",0.249479103010961,"Bu","Bu=1",1,TRUE
"385","0","00","0","0","0","0","0",0.9,0.3,0.2,0.5,0.027,0.15,1,"disjunctive",0.15,1,"3","d1","A",0.173965430731927,"A","A=0",1,TRUE
"386","0","00","0","0","0","0","0",0.9,0.3,0.2,0.5,0.027,0.15,1,"disjunctive",0.15,1,"3","d1","Au=0",0.0581921715581331,"Au","Au=0",1,TRUE
"387","0","00","0","0","0","0","0",0.9,0.3,0.2,0.5,0.027,0.15,1,"disjunctive",0.15,1,"3","d1","B",0.317108313502487,"B","B=0",1,TRUE
"388","0","00","0","0","0","0","0",0.9,0.3,0.2,0.5,0.027,0.15,1,"disjunctive",0.15,1,"3","d1","Bu=0",0.423992394819912,"Bu","Bu=0",1,TRUE
"389","0","01","0","0","1","0","0",0.9,0.3,0.2,0.5,0.027,0.15,2,"disjunctive",0.15,1,"3","d1","A",0.070335753641242,"A","A=0",1,TRUE
"390","0","01","0","0","1","0","0",0.9,0.3,0.2,0.5,0.027,0.15,2,"disjunctive",0.15,1,"3","d1","Au=0",0.0250605306573671,"Au","Au=0",1,TRUE
"391","0","01","0","0","1","0","0",0.9,0.3,0.2,0.5,0.027,0.15,2,"disjunctive",0.15,1,"3","d1","B",0.887126645572305,"B","B=0",1,TRUE
"392","0","01","0","0","1","0","0",0.9,0.3,0.2,0.5,0.027,0.15,2,"disjunctive",0.15,1,"3","d1","Bu=1",-0.209141634395977,"Bu","Bu=1",1,FALSE
"393","0","10","1","0","0","0","0",0.9,0.7,0.2,0.5,0.063,0.35,3,"disjunctive",0.35,1,"3","d1","A",0.623298429746011,"A","A=0",1,TRUE
"394","0","10","1","0","0","0","0",0.9,0.7,0.2,0.5,0.063,0.35,3,"disjunctive",0.35,1,"3","d1","Au=1",-0.0342935884666718,"Au","Au=1",1,FALSE
"395","0","10","1","0","0","0","0",0.9,0.7,0.2,0.5,0.063,0.35,3,"disjunctive",0.35,1,"3","d1","B",0.256035213643519,"B","B=0",1,TRUE
"396","0","10","1","0","0","0","0",0.9,0.7,0.2,0.5,0.063,0.35,3,"disjunctive",0.35,1,"3","d1","Bu=0",0.34301082402021,"Bu","Bu=0",1,TRUE
"397","0","11","1","0","1","0","0",0.9,0.7,0.2,0.5,0.063,0.35,4,"disjunctive",0.35,1,"3","d1","A",0.293477215698524,"A","A=0",1,TRUE
"398","0","11","1","0","1","0","0",0.9,0.7,0.2,0.5,0.063,0.35,4,"disjunctive",0.35,1,"3","d1","Au=1",-0.0165298868534307,"Au","Au=1",1,FALSE
"399","0","11","1","0","1","0","0",0.9,0.7,0.2,0.5,0.063,0.35,4,"disjunctive",0.35,1,"3","d1","B",0.845115067686661,"B","B=0",1,TRUE
"400","0","11","1","0","1","0","0",0.9,0.7,0.2,0.5,0.063,0.35,4,"disjunctive",0.35,1,"3","d1","Bu=1",-0.200147957732943,"Bu","Bu=1",1,FALSE
"401","0","00","0","1","0","0","0",0.9,0.3,0.8,0.5,0.108,0.15,5,"disjunctive",0.3,2,"3","d2","A",0.0866971756365112,"A","A=0",1,TRUE
"402","0","00","0","1","0","0","0",0.9,0.3,0.8,0.5,0.108,0.15,5,"disjunctive",0.3,2,"3","d2","Au=0",0.0288150659958826,"Au","Au=0",1,TRUE
"403","0","00","0","1","0","0","0",0.9,0.3,0.8,0.5,0.108,0.15,5,"disjunctive",0.3,2,"3","d2","B",-0.100535340382219,"B","B=1",1,FALSE
"404","0","00","0","1","0","0","0",0.9,0.3,0.8,0.5,0.108,0.15,5,"disjunctive",0.3,2,"3","d2","Bu=0",0.943365717078515,"Bu","Bu=0",1,TRUE
"405","0","00","0","1","0","1","0",0.9,0.3,0.8,0.5,0.108,0.15,6,"disjunctive",0,3,"3","d3","A",-0.0894898707873111,"A","A=0",1,FALSE
"406","0","00","0","1","0","1","0",0.9,0.3,0.8,0.5,0.108,0.15,6,"disjunctive",0,3,"3","d3","Au=0",-0.0299930113132362,"Au","Au=0",1,FALSE
"407","0","00","0","1","0","1","0",0.9,0.3,0.8,0.5,0.108,0.15,6,"disjunctive",0,3,"3","d3","B",0.100241041916761,"B","B=1",1,TRUE
"408","0","00","0","1","0","1","0",0.9,0.3,0.8,0.5,0.108,0.15,6,"disjunctive",0,3,"3","d3","Bu=0",-0.943210539551953,"Bu","Bu=0",1,FALSE
"409","0","01","0","1","1","0","1",0.9,0.3,0.8,0.5,0.108,0.15,7,"disjunctive",0,2,"3","d2","A",0.01791954336234,"A","A=0",1,TRUE
"410","0","01","0","1","1","0","1",0.9,0.3,0.8,0.5,0.108,0.15,7,"disjunctive",0,2,"3","d2","Au=0",0.00485116662686308,"Au","Au=0",1,TRUE
"411","0","01","0","1","1","0","1",0.9,0.3,0.8,0.5,0.108,0.15,7,"disjunctive",0,2,"3","d2","B",-0.502963929488824,"B","B=1",1,FALSE
"412","0","01","0","1","1","0","1",0.9,0.3,0.8,0.5,0.108,0.15,7,"disjunctive",0,2,"3","d2","Bu=1",-0.833996319455843,"Bu","Bu=1",1,FALSE
"413","0","01","0","1","1","1","1",0.9,0.3,0.8,0.5,0.108,0.15,8,"disjunctive",0.3,3,"3","d3","A",-0.0184241422790463,"A","A=0",1,FALSE
"414","0","01","0","1","1","1","1",0.9,0.3,0.8,0.5,0.108,0.15,8,"disjunctive",0.3,3,"3","d3","Au=0",-0.00728331006076403,"Au","Au=0",1,FALSE
"415","0","01","0","1","1","1","1",0.9,0.3,0.8,0.5,0.108,0.15,8,"disjunctive",0.3,3,"3","d3","B",0.500789539404164,"B","B=1",1,TRUE
"416","0","01","0","1","1","1","1",0.9,0.3,0.8,0.5,0.108,0.15,8,"disjunctive",0.3,3,"3","d3","Bu=1",0.834885934640685,"Bu","Bu=1",1,TRUE
"417","0","10","1","1","0","0","0",0.9,0.7,0.8,0.5,0.252,0.35,9,"disjunctive",0.7,2,"3","d2","A",0.358141607622757,"A","A=0",1,TRUE
"418","0","10","1","1","0","0","0",0.9,0.7,0.8,0.5,0.252,0.35,9,"disjunctive",0.7,2,"3","d2","Au=1",-0.0204607699029017,"Au","Au=1",1,FALSE
"419","0","10","1","1","0","0","0",0.9,0.7,0.8,0.5,0.252,0.35,9,"disjunctive",0.7,2,"3","d2","B",-0.0939969603622474,"B","B=1",1,FALSE
"420","0","10","1","1","0","0","0",0.9,0.7,0.8,0.5,0.252,0.35,9,"disjunctive",0.7,2,"3","d2","Bu=0",0.881115178119091,"Bu","Bu=0",1,TRUE
"421","0","10","1","1","0","1","0",0.9,0.7,0.8,0.5,0.252,0.35,10,"disjunctive",0,3,"3","d3","A",-0.360474853757996,"A","A=0",1,FALSE
"422","0","10","1","1","0","1","0",0.9,0.7,0.8,0.5,0.252,0.35,10,"disjunctive",0,3,"3","d3","Au=1",0.0195200670744658,"Au","Au=1",1,TRUE
"423","0","10","1","1","0","1","0",0.9,0.7,0.8,0.5,0.252,0.35,10,"disjunctive",0,3,"3","d3","B",0.0937533929191388,"B","B=1",1,TRUE
"424","0","10","1","1","0","1","0",0.9,0.7,0.8,0.5,0.252,0.35,10,"disjunctive",0,3,"3","d3","Bu=0",-0.880578595921308,"Bu","Bu=0",1,FALSE
"425","0","11","1","1","1","0","1",0.9,0.7,0.8,0.5,0.252,0.35,11,"disjunctive",0,2,"3","d2","A",0.0783242960532338,"A","A=0",1,TRUE
"426","0","11","1","1","1","0","1",0.9,0.7,0.8,0.5,0.252,0.35,11,"disjunctive",0,2,"3","d2","Au=1",-0.00253381800410215,"Au","Au=1",1,FALSE
"427","0","11","1","1","1","0","1",0.9,0.7,0.8,0.5,0.252,0.35,11,"disjunctive",0,2,"3","d2","B",-0.494814270192943,"B","B=1",1,FALSE
"428","0","11","1","1","1","0","1",0.9,0.7,0.8,0.5,0.252,0.35,11,"disjunctive",0,2,"3","d2","Bu=1",-0.823847024301127,"Bu","Bu=1",1,FALSE
"429","0","11","1","1","1","1","1",0.9,0.7,0.8,0.5,0.252,0.35,12,"disjunctive",0.7,3,"3","d3","A",-0.0787408294864525,"A","A=0",1,FALSE
"430","0","11","1","1","1","1","1",0.9,0.7,0.8,0.5,0.252,0.35,12,"disjunctive",0.7,3,"3","d3","Au=1",0.00444991915849245,"Au","Au=1",1,TRUE
"431","0","11","1","1","1","1","1",0.9,0.7,0.8,0.5,0.252,0.35,12,"disjunctive",0.7,3,"3","d3","B",0.495174700730261,"B","B=1",1,TRUE
"432","0","11","1","1","1","1","1",0.9,0.7,0.8,0.5,0.252,0.35,12,"disjunctive",0.7,3,"3","d3","Bu=1",0.823093615373712,"Bu","Bu=1",1,TRUE
"433","1","00","0","0","0","0","0",0.1,0.3,0.2,0.5,0.003,0.15,13,"disjunctive",0.5,4,"3","d4","A",-0.232346814238611,"A","A=1",1,FALSE
"434","1","00","0","0","0","0","0",0.1,0.3,0.2,0.5,0.003,0.15,13,"disjunctive",0.5,4,"3","d4","Au=0",0.741236686934275,"Au","Au=0",1,TRUE
"435","1","00","0","0","0","0","0",0.1,0.3,0.2,0.5,0.003,0.15,13,"disjunctive",0.5,4,"3","d4","B",0.138623487256283,"B","B=0",1,TRUE
"436","1","00","0","0","0","0","0",0.1,0.3,0.2,0.5,0.003,0.15,13,"disjunctive",0.5,4,"3","d4","Bu=0",0.188440894462286,"Bu","Bu=0",1,TRUE
"437","1","00","0","0","0","1","0",0.1,0.3,0.2,0.5,0.003,0.15,14,"disjunctive",0,5,"3","d5","A",0.230991626392768,"A","A=1",1,TRUE
"438","1","00","0","0","0","1","0",0.1,0.3,0.2,0.5,0.003,0.15,14,"disjunctive",0,5,"3","d5","Au=0",-0.739355414312372,"Au","Au=0",1,FALSE
"439","1","00","0","0","0","1","0",0.1,0.3,0.2,0.5,0.003,0.15,14,"disjunctive",0,5,"3","d5","B",-0.141790040385729,"B","B=0",1,FALSE
"440","1","00","0","0","0","1","0",0.1,0.3,0.2,0.5,0.003,0.15,14,"disjunctive",0,5,"3","d5","Bu=0",-0.188185546882819,"Bu","Bu=0",1,FALSE
"441","1","01","0","0","1","0","0",0.1,0.3,0.2,0.5,0.003,0.15,15,"disjunctive",0.5,4,"3","d4","A",-0.158935494309462,"A","A=1",1,FALSE
"442","1","01","0","0","1","0","0",0.1,0.3,0.2,0.5,0.003,0.15,15,"disjunctive",0.5,4,"3","d4","Au=0",0.505755811103154,"Au","Au=0",1,TRUE
"443","1","01","0","0","1","0","0",0.1,0.3,0.2,0.5,0.003,0.15,15,"disjunctive",0.5,4,"3","d4","B",0.655661864901049,"B","B=0",1,TRUE
"444","1","01","0","0","1","0","0",0.1,0.3,0.2,0.5,0.003,0.15,15,"disjunctive",0.5,4,"3","d4","Bu=1",-0.153584592253962,"Bu","Bu=1",1,FALSE
"445","1","01","0","0","1","1","0",0.1,0.3,0.2,0.5,0.003,0.15,16,"disjunctive",0,5,"3","d5","A",0.157970399832919,"A","A=1",1,TRUE
"446","1","01","0","0","1","1","0",0.1,0.3,0.2,0.5,0.003,0.15,16,"disjunctive",0,5,"3","d5","Au=0",-0.503282289997286,"Au","Au=0",1,FALSE
"447","1","01","0","0","1","1","0",0.1,0.3,0.2,0.5,0.003,0.15,16,"disjunctive",0,5,"3","d5","B",-0.655434805821983,"B","B=0",1,FALSE
"448","1","01","0","0","1","1","0",0.1,0.3,0.2,0.5,0.003,0.15,16,"disjunctive",0,5,"3","d5","Bu=1",0.155240602947222,"Bu","Bu=1",1,TRUE
"449","1","10","1","0","0","0","1",0.1,0.7,0.2,0.5,0.007,0.35,17,"disjunctive",0,4,"3","d4","A",-0.832028373749046,"A","A=1",1,FALSE
"450","1","10","1","0","0","0","1",0.1,0.7,0.2,0.5,0.007,0.35,17,"disjunctive",0,4,"3","d4","Au=1",-0.430708578411823,"Au","Au=1",1,FALSE
"451","1","10","1","0","0","0","1",0.1,0.7,0.2,0.5,0.007,0.35,17,"disjunctive",0,4,"3","d4","B",0.0458585706002293,"B","B=0",1,TRUE
"452","1","10","1","0","0","0","1",0.1,0.7,0.2,0.5,0.007,0.35,17,"disjunctive",0,4,"3","d4","Bu=0",0.0611320364158915,"Bu","Bu=0",1,TRUE
"453","1","10","1","0","0","1","1",0.1,0.7,0.2,0.5,0.007,0.35,18,"disjunctive",0.5,5,"3","d5","A",0.832165625402477,"A","A=1",1,TRUE
"454","1","10","1","0","0","1","1",0.1,0.7,0.2,0.5,0.007,0.35,18,"disjunctive",0.5,5,"3","d5","Au=1",0.430585928911022,"Au","Au=1",1,TRUE
"455","1","10","1","0","0","1","1",0.1,0.7,0.2,0.5,0.007,0.35,18,"disjunctive",0.5,5,"3","d5","B",-0.0448705115922629,"B","B=0",1,FALSE
"456","1","10","1","0","0","1","1",0.1,0.7,0.2,0.5,0.007,0.35,18,"disjunctive",0.5,5,"3","d5","Bu=0",-0.0615686723205029,"Bu","Bu=0",1,FALSE
"457","1","11","1","0","1","0","1",0.1,0.7,0.2,0.5,0.007,0.35,19,"disjunctive",0,4,"3","d4","A",-0.726654656249736,"A","A=1",1,FALSE
"458","1","11","1","0","1","0","1",0.1,0.7,0.2,0.5,0.007,0.35,19,"disjunctive",0,4,"3","d4","Au=1",-0.376820931430508,"Au","Au=1",1,FALSE
"459","1","11","1","0","1","0","1",0.1,0.7,0.2,0.5,0.007,0.35,19,"disjunctive",0,4,"3","d4","B",0.275303581445569,"B","B=0",1,TRUE
"460","1","11","1","0","1","0","1",0.1,0.7,0.2,0.5,0.007,0.35,19,"disjunctive",0,4,"3","d4","Bu=1",-0.0658691659592513,"Bu","Bu=1",1,FALSE
"461","1","11","1","0","1","1","1",0.1,0.7,0.2,0.5,0.007,0.35,20,"disjunctive",0.5,5,"3","d5","A",0.726196787919573,"A","A=1",1,TRUE
"462","1","11","1","0","1","1","1",0.1,0.7,0.2,0.5,0.007,0.35,20,"disjunctive",0.5,5,"3","d5","Au=1",0.377264624221817,"Au","Au=1",1,TRUE
"463","1","11","1","0","1","1","1",0.1,0.7,0.2,0.5,0.007,0.35,20,"disjunctive",0.5,5,"3","d5","B",-0.275437704491723,"B","B=0",1,FALSE
"464","1","11","1","0","1","1","1",0.1,0.7,0.2,0.5,0.007,0.35,20,"disjunctive",0.5,5,"3","d5","Bu=1",0.0670095431044593,"Bu","Bu=1",1,TRUE
"465","1","00","0","1","0","0","0",0.1,0.3,0.8,0.5,0.012,0.15,21,"disjunctive",1,6,"3","d6","A",-0.179048731088187,"A","A=1",1,FALSE
"466","1","00","0","1","0","0","0",0.1,0.3,0.8,0.5,0.012,0.15,21,"disjunctive",1,6,"3","d6","Au=0",0.573589113634616,"Au","Au=0",1,TRUE
"467","1","00","0","1","0","0","0",0.1,0.3,0.8,0.5,0.012,0.15,21,"disjunctive",1,6,"3","d6","B",-0.0668754099158943,"B","B=1",1,FALSE
"468","1","00","0","1","0","0","0",0.1,0.3,0.8,0.5,0.012,0.15,21,"disjunctive",1,6,"3","d6","Bu=0",0.638652280621422,"Bu","Bu=0",1,TRUE
"469","1","00","0","1","0","1","0",0.1,0.3,0.8,0.5,0.012,0.15,22,"disjunctive",0,7,"3","d7","A",0.180215141471629,"A","A=1",1,TRUE
"470","1","00","0","1","0","1","0",0.1,0.3,0.8,0.5,0.012,0.15,22,"disjunctive",0,7,"3","d7","Au=0",-0.573737602047954,"Au","Au=0",1,FALSE
"471","1","00","0","1","0","1","0",0.1,0.3,0.8,0.5,0.012,0.15,22,"disjunctive",0,7,"3","d7","B",0.0673411761579002,"B","B=1",1,TRUE
"472","1","00","0","1","0","1","0",0.1,0.3,0.8,0.5,0.012,0.15,22,"disjunctive",0,7,"3","d7","Bu=0",-0.637068476058692,"Bu","Bu=0",1,FALSE
"473","1","01","0","1","1","0","1",0.1,0.3,0.8,0.5,0.012,0.15,23,"disjunctive",0,6,"3","d6","A",-0.0489994746527013,"A","A=1",1,FALSE
"474","1","01","0","1","1","0","1",0.1,0.3,0.8,0.5,0.012,0.15,23,"disjunctive",0,6,"3","d6","Au=0",0.159076853129758,"Au","Au=0",1,TRUE
"475","1","01","0","1","1","0","1",0.1,0.3,0.8,0.5,0.012,0.15,23,"disjunctive",0,6,"3","d6","B",-0.456208970262308,"B","B=1",1,FALSE
"476","1","01","0","1","1","0","1",0.1,0.3,0.8,0.5,0.012,0.15,23,"disjunctive",0,6,"3","d6","Bu=1",-0.755443349528981,"Bu","Bu=1",1,FALSE
"477","1","01","0","1","1","1","1",0.1,0.3,0.8,0.5,0.012,0.15,24,"disjunctive",0.176470588235294,7,"3","d7","A",0.0488340274588238,"A","A=1",1,TRUE
"478","1","01","0","1","1","1","1",0.1,0.3,0.8,0.5,0.012,0.15,24,"disjunctive",0.176470588235294,7,"3","d7","Au=0",-0.159357512262699,"Au","Au=0",1,FALSE
"479","1","01","0","1","1","1","1",0.1,0.3,0.8,0.5,0.012,0.15,24,"disjunctive",0.176470588235294,7,"3","d7","B",0.455556035202154,"B","B=1",1,TRUE
"480","1","01","0","1","1","1","1",0.1,0.3,0.8,0.5,0.012,0.15,24,"disjunctive",0.176470588235294,7,"3","d7","Bu=1",0.75517840054747,"Bu","Bu=1",1,TRUE
"481","1","10","1","1","0","0","1",0.1,0.7,0.8,0.5,0.028,0.35,25,"disjunctive",0,6,"3","d6","A",-0.765213215000766,"A","A=1",1,FALSE
"482","1","10","1","1","0","0","1",0.1,0.7,0.8,0.5,0.028,0.35,25,"disjunctive",0,6,"3","d6","Au=1",-0.395780210542594,"Au","Au=1",1,FALSE
"483","1","10","1","1","0","0","1",0.1,0.7,0.8,0.5,0.028,0.35,25,"disjunctive",0,6,"3","d6","B",-0.0271095375720981,"B","B=1",1,FALSE
"484","1","10","1","1","0","0","1",0.1,0.7,0.8,0.5,0.028,0.35,25,"disjunctive",0,6,"3","d6","Bu=0",0.248819161500434,"Bu","Bu=0",1,TRUE
"485","1","10","1","1","0","1","1",0.1,0.7,0.8,0.5,0.028,0.35,26,"disjunctive",0.411764705882353,7,"3","d7","A",0.766916182814761,"A","A=1",1,TRUE
"486","1","10","1","1","0","1","1",0.1,0.7,0.8,0.5,0.028,0.35,26,"disjunctive",0.411764705882353,7,"3","d7","Au=1",0.394926877133493,"Au","Au=1",1,TRUE
"487","1","10","1","1","0","1","1",0.1,0.7,0.8,0.5,0.028,0.35,26,"disjunctive",0.411764705882353,7,"3","d7","B",0.0279787829002071,"B","B=1",1,TRUE
"488","1","10","1","1","0","1","1",0.1,0.7,0.8,0.5,0.028,0.35,26,"disjunctive",0.411764705882353,7,"3","d7","Bu=0",-0.248404817502239,"Bu","Bu=0",1,FALSE
"489","1","11","1","1","1","0","1",0.1,0.7,0.8,0.5,0.028,0.35,27,"disjunctive",0,6,"3","d6","A",-0.321984904773206,"A","A=1",1,FALSE
"490","1","11","1","1","1","0","1",0.1,0.7,0.8,0.5,0.028,0.35,27,"disjunctive",0,6,"3","d6","Au=1",-0.167104552034773,"Au","Au=1",1,FALSE
"491","1","11","1","1","1","0","1",0.1,0.7,0.8,0.5,0.028,0.35,27,"disjunctive",0,6,"3","d6","B",-0.269958103866739,"B","B=1",1,FALSE
"492","1","11","1","1","1","0","1",0.1,0.7,0.8,0.5,0.028,0.35,27,"disjunctive",0,6,"3","d6","Bu=1",-0.449063043462259,"Bu","Bu=1",1,FALSE
"493","1","11","1","1","1","1","1",0.1,0.7,0.8,0.5,0.028,0.35,28,"disjunctive",0.411764705882353,7,"3","d7","A",0.322606514688455,"A","A=1",1,TRUE
"494","1","11","1","1","1","1","1",0.1,0.7,0.8,0.5,0.028,0.35,28,"disjunctive",0.411764705882353,7,"3","d7","Au=1",0.1673314883839,"Au","Au=1",1,TRUE
"495","1","11","1","1","1","1","1",0.1,0.7,0.8,0.5,0.028,0.35,28,"disjunctive",0.411764705882353,7,"3","d7","B",0.270125857788515,"B","B=1",1,TRUE
"496","1","11","1","1","1","1","1",0.1,0.7,0.8,0.5,0.028,0.35,28,"disjunctive",0.411764705882353,7,"3","d7","Bu=1",0.44882023244736,"Bu","Bu=1",1,TRUE
"497","0","00","0","0","0","0","0",0.9,0.3,0.2,0.5,0.027,0.15,1,"conjunctive",0.15,1,"3","c1","A",0.0874916125992826,"A","A=0",1,TRUE
"498","0","00","0","0","0","0","0",0.9,0.3,0.2,0.5,0.027,0.15,1,"conjunctive",0.15,1,"3","c1","Au=0",0.0299221278392038,"Au","Au=0",1,TRUE
"499","0","00","0","0","0","0","0",0.9,0.3,0.2,0.5,0.027,0.15,1,"conjunctive",0.15,1,"3","c1","B",0.0274412053567423,"B","B=0",1,TRUE
"500","0","00","0","0","0","0","0",0.9,0.3,0.2,0.5,0.027,0.15,1,"conjunctive",0.15,1,"3","c1","Bu=0",0.0364835927768615,"Bu","Bu=0",1,TRUE
"501","0","01","0","0","1","0","0",0.9,0.3,0.2,0.5,0.027,0.15,2,"conjunctive",0.15,1,"3","c1","A",0.203705542021911,"A","A=0",1,TRUE
"502","0","01","0","0","1","0","0",0.9,0.3,0.2,0.5,0.027,0.15,2,"conjunctive",0.15,1,"3","c1","Au=0",0.0691665917696105,"Au","Au=0",1,TRUE
"503","0","01","0","0","1","0","0",0.9,0.3,0.2,0.5,0.027,0.15,2,"conjunctive",0.15,1,"3","c1","B",0.0634854014677375,"B","B=0",1,TRUE
"504","0","01","0","0","1","0","0",0.9,0.3,0.2,0.5,0.027,0.15,2,"conjunctive",0.15,1,"3","c1","Bu=1",-0.0149784488512202,"Bu","Bu=1",1,FALSE
"505","0","10","1","0","0","0","0",0.9,0.7,0.2,0.5,0.063,0.35,3,"conjunctive",0.35,1,"3","c1","A",0.169270850871338,"A","A=0",1,TRUE
"506","0","10","1","0","0","0","0",0.9,0.7,0.2,0.5,0.063,0.35,3,"conjunctive",0.35,1,"3","c1","Au=1",-0.00938926821997506,"Au","Au=1",1,FALSE
"507","0","10","1","0","0","0","0",0.9,0.7,0.2,0.5,0.063,0.35,3,"conjunctive",0.35,1,"3","c1","B",0.0531277048014766,"B","B=0",1,TRUE
"508","0","10","1","0","0","0","0",0.9,0.7,0.2,0.5,0.063,0.35,3,"conjunctive",0.35,1,"3","c1","Bu=0",0.0709483466872913,"Bu","Bu=0",1,TRUE
"509","0","11","1","0","1","0","0",0.9,0.7,0.2,0.5,0.063,0.35,4,"conjunctive",0.35,1,"3","c1","A",0.426073750349945,"A","A=0",1,TRUE
"510","0","11","1","0","1","0","0",0.9,0.7,0.2,0.5,0.063,0.35,4,"conjunctive",0.35,1,"3","c1","Au=1",-0.023694870514718,"Au","Au=1",1,FALSE
"511","0","11","1","0","1","0","0",0.9,0.7,0.2,0.5,0.063,0.35,4,"conjunctive",0.35,1,"3","c1","B",0.133624479751122,"B","B=0",1,TRUE
"512","0","11","1","0","1","0","0",0.9,0.7,0.2,0.5,0.063,0.35,4,"conjunctive",0.35,1,"3","c1","Bu=1",-0.0315221222520472,"Bu","Bu=1",1,FALSE
"513","0","00","0","1","0","0","0",0.9,0.3,0.8,0.5,0.108,0.15,5,"conjunctive",0.15,2,"3","c2","A",0.164040282312526,"A","A=0",1,TRUE
"514","0","00","0","1","0","0","0",0.9,0.3,0.8,0.5,0.108,0.15,5,"conjunctive",0.15,2,"3","c2","Au=0",0.0561064491059262,"Au","Au=0",1,TRUE
"515","0","00","0","1","0","0","0",0.9,0.3,0.8,0.5,0.108,0.15,5,"conjunctive",0.15,2,"3","c2","B",-0.00729377850233709,"B","B=1",1,FALSE
"516","0","00","0","1","0","0","0",0.9,0.3,0.8,0.5,0.108,0.15,5,"conjunctive",0.15,2,"3","c2","Bu=0",0.0687649207763088,"Bu","Bu=0",1,TRUE
"517","0","01","0","1","1","0","0",0.9,0.3,0.8,0.5,0.108,0.15,6,"conjunctive",0.15,2,"3","c2","A",0.405177032250851,"A","A=0",1,TRUE
"518","0","01","0","1","1","0","0",0.9,0.3,0.8,0.5,0.108,0.15,6,"conjunctive",0.15,2,"3","c2","Au=0",0.138360402084411,"Au","Au=0",1,TRUE
"519","0","01","0","1","1","0","0",0.9,0.3,0.8,0.5,0.108,0.15,6,"conjunctive",0.15,2,"3","c2","B",-0.018020728551408,"B","B=1",1,FALSE
"520","0","01","0","1","1","0","0",0.9,0.3,0.8,0.5,0.108,0.15,6,"conjunctive",0.15,2,"3","c2","Bu=1",-0.0299076514567245,"Bu","Bu=1",1,FALSE
"521","0","10","1","1","0","0","0",0.9,0.7,0.8,0.5,0.252,0.35,7,"conjunctive",0.35,2,"3","c2","A",0.346391590388222,"A","A=0",1,TRUE
"522","0","10","1","1","0","0","0",0.9,0.7,0.8,0.5,0.252,0.35,7,"conjunctive",0.35,2,"3","c2","Au=1",-0.0191802880586924,"Au","Au=1",1,FALSE
"523","0","10","1","1","0","0","0",0.9,0.7,0.8,0.5,0.252,0.35,7,"conjunctive",0.35,2,"3","c2","B",-0.0154245326751388,"B","B=1",1,FALSE
"524","0","10","1","1","0","0","0",0.9,0.7,0.8,0.5,0.252,0.35,7,"conjunctive",0.35,2,"3","c2","Bu=0",0.144877251134,"Bu","Bu=0",1,TRUE
"525","0","11","1","1","1","0","0",0.9,0.7,0.8,0.5,0.252,0.35,8,"conjunctive",0.35,2,"3","c2","A",0.84860176315248,"A","A=0",1,TRUE
"526","0","11","1","1","1","0","0",0.9,0.7,0.8,0.5,0.252,0.35,8,"conjunctive",0.35,2,"3","c2","Au=1",-0.0470559492867504,"Au","Au=1",1,FALSE
"527","0","11","1","1","1","0","0",0.9,0.7,0.8,0.5,0.252,0.35,8,"conjunctive",0.35,2,"3","c2","B",-0.0376503845134592,"B","B=1",1,FALSE
"528","0","11","1","1","1","0","0",0.9,0.7,0.8,0.5,0.252,0.35,8,"conjunctive",0.35,2,"3","c2","Bu=1",-0.0629655601924136,"Bu","Bu=1",1,FALSE
"529","1","00","0","0","0","0","0",0.1,0.3,0.2,0.5,0.003,0.15,9,"conjunctive",0.15,3,"3","c3","A",-0.0451521548654211,"A","A=1",1,FALSE
"530","1","00","0","0","0","0","0",0.1,0.3,0.2,0.5,0.003,0.15,9,"conjunctive",0.15,3,"3","c3","Au=0",0.143943515977619,"Au","Au=0",1,TRUE
"531","1","00","0","0","0","0","0",0.1,0.3,0.2,0.5,0.003,0.15,9,"conjunctive",0.15,3,"3","c3","B",0.132064599783525,"B","B=0",1,TRUE
"532","1","00","0","0","0","0","0",0.1,0.3,0.2,0.5,0.003,0.15,9,"conjunctive",0.15,3,"3","c3","Bu=0",0.176480306512709,"Bu","Bu=0",1,TRUE
"533","1","01","0","0","1","0","0",0.1,0.3,0.2,0.5,0.003,0.15,10,"conjunctive",0.15,3,"3","c3","A",-0.109343241103936,"A","A=1",1,FALSE
"534","1","01","0","0","1","0","0",0.1,0.3,0.2,0.5,0.003,0.15,10,"conjunctive",0.15,3,"3","c3","Au=0",0.348747076885908,"Au","Au=0",1,TRUE
"535","1","01","0","0","1","0","0",0.1,0.3,0.2,0.5,0.003,0.15,10,"conjunctive",0.15,3,"3","c3","B",0.319413512281998,"B","B=0",1,TRUE
"536","1","01","0","0","1","0","0",0.1,0.3,0.2,0.5,0.003,0.15,10,"conjunctive",0.15,3,"3","c3","Bu=1",-0.0756058616538913,"Bu","Bu=1",1,FALSE
"537","1","10","1","0","0","0","0",0.1,0.7,0.2,0.5,0.007,0.35,11,"conjunctive",0.35,3,"3","c3","A",-0.0950857227122263,"A","A=1",1,FALSE
"538","1","10","1","0","0","0","0",0.1,0.7,0.2,0.5,0.007,0.35,11,"conjunctive",0.35,3,"3","c3","Au=1",-0.0490717724438173,"Au","Au=1",1,FALSE
"539","1","10","1","0","0","0","0",0.1,0.7,0.2,0.5,0.007,0.35,11,"conjunctive",0.35,3,"3","c3","B",0.277206462054344,"B","B=0",1,TRUE
"540","1","10","1","0","0","0","0",0.1,0.7,0.2,0.5,0.007,0.35,11,"conjunctive",0.35,3,"3","c3","Bu=0",0.372105966205422,"Bu","Bu=0",1,TRUE
"541","1","11","1","0","1","0","0",0.1,0.7,0.2,0.5,0.007,0.35,12,"conjunctive",0.35,3,"3","c3","A",-0.240853944724146,"A","A=1",1,FALSE
"542","1","11","1","0","1","0","0",0.1,0.7,0.2,0.5,0.007,0.35,12,"conjunctive",0.35,3,"3","c3","Au=1",-0.124717115050201,"Au","Au=1",1,FALSE
"543","1","11","1","0","1","0","0",0.1,0.7,0.2,0.5,0.007,0.35,12,"conjunctive",0.35,3,"3","c3","B",0.705178185592152,"B","B=0",1,TRUE
"544","1","11","1","0","1","0","0",0.1,0.7,0.2,0.5,0.007,0.35,12,"conjunctive",0.35,3,"3","c3","Bu=1",-0.166452766075383,"Bu","Bu=1",1,FALSE
"545","1","00","0","1","0","0","0",0.1,0.3,0.8,0.5,0.012,0.15,13,"conjunctive",0.230769230769231,4,"3","c4","A",-0.0903079242473751,"A","A=1",1,FALSE
"546","1","00","0","1","0","0","0",0.1,0.3,0.8,0.5,0.012,0.15,13,"conjunctive",0.230769230769231,4,"3","c4","Au=0",0.28825914583863,"Au","Au=0",1,TRUE
"547","1","00","0","1","0","0","0",0.1,0.3,0.8,0.5,0.012,0.15,13,"conjunctive",0.230769230769231,4,"3","c4","B",-0.0374764378779432,"B","B=1",1,FALSE
"548","1","00","0","1","0","0","0",0.1,0.3,0.8,0.5,0.012,0.15,13,"conjunctive",0.230769230769231,4,"3","c4","Bu=0",0.354503882559039,"Bu","Bu=0",1,TRUE
"549","1","00","0","1","0","1","0",0.1,0.3,0.8,0.5,0.012,0.15,14,"conjunctive",0,5,"3","c5","A",0.0902511410899523,"A","A=1",1,TRUE
"550","1","00","0","1","0","1","0",0.1,0.3,0.8,0.5,0.012,0.15,14,"conjunctive",0,5,"3","c5","Au=0",-0.287464671468767,"Au","Au=0",1,FALSE
"551","1","00","0","1","0","1","0",0.1,0.3,0.8,0.5,0.012,0.15,14,"conjunctive",0,5,"3","c5","B",0.0373852594137267,"B","B=1",1,TRUE
"552","1","00","0","1","0","1","0",0.1,0.3,0.8,0.5,0.012,0.15,14,"conjunctive",0,5,"3","c5","Bu=0",-0.352703067998398,"Bu","Bu=0",1,FALSE
"553","1","01","0","1","1","0","0",0.1,0.3,0.8,0.5,0.012,0.15,15,"conjunctive",0.230769230769231,4,"3","c4","A",-0.227787353601969,"A","A=1",1,FALSE
"554","1","01","0","1","1","0","0",0.1,0.3,0.8,0.5,0.012,0.15,15,"conjunctive",0.230769230769231,4,"3","c4","Au=0",0.724992829539554,"Au","Au=0",1,TRUE
"555","1","01","0","1","1","0","0",0.1,0.3,0.8,0.5,0.012,0.15,15,"conjunctive",0.230769230769231,4,"3","c4","B",-0.0944313068846696,"B","B=1",1,FALSE
"556","1","01","0","1","1","0","0",0.1,0.3,0.8,0.5,0.012,0.15,15,"conjunctive",0.230769230769231,4,"3","c4","Bu=1",-0.157244001829838,"Bu","Bu=1",1,FALSE
"557","1","01","0","1","1","1","0",0.1,0.3,0.8,0.5,0.012,0.15,16,"conjunctive",0,5,"3","c5","A",0.227023444486983,"A","A=1",1,TRUE
"558","1","01","0","1","1","1","0",0.1,0.3,0.8,0.5,0.012,0.15,16,"conjunctive",0,5,"3","c5","Au=0",-0.72606609364337,"Au","Au=0",1,FALSE
"559","1","01","0","1","1","1","0",0.1,0.3,0.8,0.5,0.012,0.15,16,"conjunctive",0,5,"3","c5","B",0.0943332672978874,"B","B=1",1,TRUE
"560","1","01","0","1","1","1","0",0.1,0.3,0.8,0.5,0.012,0.15,16,"conjunctive",0,5,"3","c5","Bu=1",0.156639470767161,"Bu","Bu=1",1,TRUE
"561","1","10","1","1","0","0","0",0.1,0.7,0.8,0.5,0.028,0.35,17,"conjunctive",0.538461538461539,4,"3","c4","A",-0.194662769210818,"A","A=1",1,FALSE
"562","1","10","1","1","0","0","0",0.1,0.7,0.8,0.5,0.028,0.35,17,"conjunctive",0.538461538461539,4,"3","c4","Au=1",-0.100976054019976,"Au","Au=1",1,FALSE
"563","1","10","1","1","0","0","0",0.1,0.7,0.8,0.5,0.028,0.35,17,"conjunctive",0.538461538461539,4,"3","c4","B",-0.0809255699826752,"B","B=1",1,FALSE
"564","1","10","1","1","0","0","0",0.1,0.7,0.8,0.5,0.028,0.35,17,"conjunctive",0.538461538461539,4,"3","c4","Bu=0",0.763544643227017,"Bu","Bu=0",1,TRUE
"565","1","10","1","1","0","1","0",0.1,0.7,0.8,0.5,0.028,0.35,18,"conjunctive",0,5,"3","c5","A",0.1946375490783,"A","A=1",1,TRUE
"566","1","10","1","1","0","1","0",0.1,0.7,0.8,0.5,0.028,0.35,18,"conjunctive",0,5,"3","c5","Au=1",0.100495932487316,"Au","Au=1",1,TRUE
"567","1","10","1","1","0","1","0",0.1,0.7,0.8,0.5,0.028,0.35,18,"conjunctive",0,5,"3","c5","B",0.0811504060738033,"B","B=1",1,TRUE
"568","1","10","1","1","0","1","0",0.1,0.7,0.8,0.5,0.028,0.35,18,"conjunctive",0,5,"3","c5","Bu=0",-0.764522245088152,"Bu","Bu=0",1,FALSE
"569","1","11","1","1","1","0","1",0.1,0.7,0.8,0.5,0.028,0.35,19,"conjunctive",0,4,"3","c4","A",-0.647323230190902,"A","A=1",1,FALSE
"570","1","11","1","1","1","0","1",0.1,0.7,0.8,0.5,0.028,0.35,19,"conjunctive",0,4,"3","c4","Au=1",-0.334447165431867,"Au","Au=1",1,FALSE
"571","1","11","1","1","1","0","1",0.1,0.7,0.8,0.5,0.028,0.35,19,"conjunctive",0,4,"3","c4","B",-0.267909443201645,"B","B=1",1,FALSE
"572","1","11","1","1","1","0","1",0.1,0.7,0.8,0.5,0.028,0.35,19,"conjunctive",0,4,"3","c4","Bu=1",-0.446676834475587,"Bu","Bu=1",1,FALSE
"573","1","11","1","1","1","1","1",0.1,0.7,0.8,0.5,0.028,0.35,20,"conjunctive",1,5,"3","c5","A",0.646070794090474,"A","A=1",1,TRUE
"574","1","11","1","1","1","1","1",0.1,0.7,0.8,0.5,0.028,0.35,20,"conjunctive",1,5,"3","c5","Au=1",0.334589688655971,"Au","Au=1",1,TRUE
"575","1","11","1","1","1","1","1",0.1,0.7,0.8,0.5,0.028,0.35,20,"conjunctive",1,5,"3","c5","B",0.26946822447318,"B","B=1",1,TRUE
"576","1","11","1","1","1","1","1",0.1,0.7,0.8,0.5,0.028,0.35,20,"conjunctive",1,5,"3","c5","Bu=1",0.44740849183589,"Bu","Bu=1",1,TRUE
