"","X","trial_id","pgroup","trialtype","node3","n","prop","tv","full","noAct","noInf","noSelect","noActnoInf","noActnoSelect","noInfnoSelect","noActnoInfnoSelect","Actual","A","B","E","include"
"1",1,"1_c1",1,"c1","A=0",27,0.262135922330097,NA,0.179139370193783,0.179139370193783,0.179139370193783,1,0.179139370193783,1,1,1,TRUE,0,0,0,TRUE
"2",2,"1_c1",1,"c1","A=1",0,0,NA,-Inf,-Inf,-Inf,-Inf,-Inf,-Inf,-Inf,-Inf,NA,0,0,0,FALSE
"3",3,"1_c1",1,"c1","Au=0",4,0.0388349514563107,0,0.0247998691961372,0.0247998691961372,0.0247998691961372,0.5,0.0247998691961372,0.5,0.5,0.5,TRUE,0,0,0,TRUE
"4",4,"1_c1",1,"c1","Au=1",0,0,0,0,-0.050257563544354,0,0,-0.050257563544354,0.5,0,0.5,FALSE,0,0,0,TRUE
"5",5,"1_c1",1,"c1","B=0",64,0.621359223300971,NA,0.0238438885113855,0.0238438885113855,0.0238438885113855,1,0.0238438885113855,1,1,1,TRUE,0,0,0,TRUE
"6",6,"1_c1",1,"c1","B=1",3,0.029126213592233,NA,-Inf,-Inf,-Inf,-Inf,-Inf,-Inf,-Inf,-Inf,NA,0,0,0,FALSE
"7",7,"1_c1",1,"c1","Bu=0",4,0.0388349514563107,0,0.0217122610548837,0.0217122610548837,0.0217122610548837,0.5,0.0217122610548837,0.5,0.5,0.5,TRUE,0,0,0,TRUE
"8",8,"1_c1",1,"c1","Bu=1",1,0.00970873786407767,0,0,-0.00940744801400903,0,0,-0.00940744801400903,0.5,0,0.5,FALSE,0,0,0,TRUE
"9",9,"1_c2",1,"c2","A=0",48,0.558139534883721,NA,0.436951540828883,0.436951540828883,0.436951540828883,1,0.436951540828883,1,1,1,TRUE,0,1,0,TRUE
"10",10,"1_c2",1,"c2","A=1",2,0.0232558139534884,NA,-Inf,-Inf,-Inf,-Inf,-Inf,-Inf,-Inf,-Inf,NA,0,1,0,FALSE
"11",11,"1_c2",1,"c2","Au=0",1,0.0116279069767442,0,0.0108513269241951,0.0108513269241951,0.0108513269241951,0.5,0.0108513269241951,0.5,0.5,0.5,TRUE,0,1,0,TRUE
"12",12,"1_c2",1,"c2","Au=1",0,0,0,0,-0.0213718937928797,0,0,-0.0213718937928797,0.5,0,0.5,FALSE,0,1,0,TRUE
"13",13,"1_c2",1,"c2","B=0",2,0.0232558139534884,NA,-Inf,-Inf,-Inf,-Inf,-Inf,-Inf,-Inf,-Inf,NA,0,1,0,FALSE
"14",14,"1_c2",1,"c2","B=1",3,0.0348837209302326,NA,0,-0.0588716925224696,0,0,-0.0588716925224696,0,0,0,FALSE,0,1,0,TRUE
"15",15,"1_c2",1,"c2","Bu=0",26,0.302325581395349,0,0.0537007874468272,0.0537007874468272,0.0537007874468272,0.5,0.0537007874468272,0.5,0.5,0.5,TRUE,0,1,0,TRUE
"16",16,"1_c2",1,"c2","Bu=1",4,0.0465116279069767,0,0,-0.0227363118402856,0,0,-0.0227363118402856,0.5,0,0.5,FALSE,0,1,0,TRUE
"17",17,"1_c3",1,"c3","A=0",2,0.0196078431372549,NA,-Inf,-Inf,-Inf,-Inf,-Inf,-Inf,-Inf,-Inf,NA,1,0,0,FALSE
"18",18,"1_c3",1,"c3","A=1",6,0.0588235294117647,NA,0,-0.0988197807695186,0,0,-0.0988197807695186,0,0,0,FALSE,1,0,0,TRUE
"19",19,"1_c3",1,"c3","Au=0",33,0.323529411764706,0,0.12791876029861,0.12791876029861,0.12791876029861,0.5,0.12791876029861,0.5,0.5,0.5,TRUE,1,0,0,TRUE
"20",20,"1_c3",1,"c3","Au=1",1,0.00980392156862745,0,0,-0.259150150323054,0,0,-0.259150150323054,0.5,0,0.5,FALSE,1,0,0,TRUE
"21",21,"1_c3",1,"c3","B=0",52,0.509803921568627,NA,0.123199997748583,0.123199997748583,0.123199997748583,1,0.123199997748583,1,1,1,TRUE,1,0,0,TRUE
"22",22,"1_c3",1,"c3","B=1",1,0.00980392156862745,NA,-Inf,-Inf,-Inf,-Inf,-Inf,-Inf,-Inf,-Inf,NA,1,0,0,FALSE
"23",23,"1_c3",1,"c3","Bu=0",7,0.0686274509803922,0,0.112463536634954,0.112463536634954,0.112463536634954,0.5,0.112463536634954,0.5,0.5,0.5,TRUE,1,0,0,TRUE
"24",24,"1_c3",1,"c3","Bu=1",0,0,0,0,-0.0484243001951778,0,0,-0.0484243001951778,0.5,0,0.5,FALSE,1,0,0,TRUE
"25",25,"1_c4",1,"c4","A=0",2,0.0217391304347826,NA,-Inf,-Inf,-Inf,-Inf,-Inf,-Inf,-Inf,-Inf,NA,1,1,0,FALSE
"26",26,"1_c4",1,"c4","A=1",3,0.0326086956521739,NA,0,-0.17065349802842,0,0,-0.278980065757234,0,0,0,FALSE,1,1,0,TRUE
"27",27,"1_c4",1,"c4","Au=0",40,0.434782608695652,0.167,0.0746438539649007,0.0746438539649007,0.0559828904736756,0.666666666666666,0.0559828904736756,0.666666666666666,0.5,0.5,TRUE,1,1,0,TRUE
"28",28,"1_c4",1,"c4","Au=1",1,0.0108695652173913,0.167,0,-0.0435043060725636,0,0,-0.136793346286142,0.333333333333333,0,0.5,FALSE,1,1,0,TRUE
"29",29,"1_c4",1,"c4","B=0",0,0,NA,-Inf,-Inf,-Inf,-Inf,-Inf,-Inf,-Inf,-Inf,NA,1,1,0,FALSE
"30",30,"1_c4",1,"c4","B=1",8,0.0869565217391304,NA,0,-0.341324955881071,0,0,-0.31878730852111,0,0,0,FALSE,1,1,0,TRUE
"31",31,"1_c4",1,"c4","Bu=0",38,0.41304347826087,0.167,0.365470962998613,0.365470962998613,0.27410322224896,0.666666666666666,0.27410322224896,0.666666666666666,0.5,0.5,TRUE,1,1,0,TRUE
"32",32,"1_c4",1,"c4","Bu=1",0,0,0.167,0,-0.0533693065315403,0,0,-0.144088089347943,0.333333333333333,0,0.5,FALSE,1,1,0,TRUE
"33",33,"1_c5",1,"c5","A=0",0,0,NA,-Inf,-Inf,-Inf,-Inf,-Inf,-Inf,-Inf,-Inf,NA,1,1,1,FALSE
"34",34,"1_c5",1,"c5","A=1",16,0.170212765957447,NA,0.60223901852367,0.60223901852367,0.278659188233916,1,0.278659188233916,1,1,1,TRUE,1,1,1,TRUE
"35",35,"1_c5",1,"c5","Au=0",1,0.0106382978723404,0.5,0,0,0,0,-0.0558012747395625,0,0,0.5,FALSE,1,1,1,TRUE
"36",36,"1_c5",1,"c5","Au=1",42,0.446808510638298,0.5,0.416018186661129,0.416018186661129,0.136474618451824,1,0.136474618451824,1,0.5,0.5,TRUE,1,1,1,TRUE
"37",37,"1_c5",1,"c5","B=0",0,0,NA,-Inf,-Inf,-Inf,-Inf,-Inf,-Inf,-Inf,-Inf,NA,1,1,1,FALSE
"38",38,"1_c5",1,"c5","B=1",11,0.117021276595745,NA,0.250978076189876,0.250978076189876,0.318948282436458,1,0.318948282436458,1,1,1,TRUE,1,1,1,TRUE
"39",39,"1_c5",1,"c5","Bu=0",0,0,0.5,0,0,0,0,-0.27419617782713,0,0,0.5,FALSE,1,1,1,TRUE
"40",40,"1_c5",1,"c5","Bu=1",24,0.25531914893617,0.5,0.41581278085761,0.41581278085761,0.143952447239684,1,0.143952447239684,1,0.5,0.5,TRUE,1,1,1,TRUE
"41",41,"1_d1",1,"d1","A=0",18,0.176470588235294,NA,0.0631015571486024,0.0631015571486024,0.0631015571486024,1,0.0631015571486024,1,1,1,TRUE,0,0,0,TRUE
"42",42,"1_d1",1,"d1","A=1",1,0.00980392156862745,NA,-Inf,-Inf,-Inf,-Inf,-Inf,-Inf,-Inf,-Inf,NA,0,0,0,FALSE
"43",43,"1_d1",1,"d1","Au=0",3,0.0294117647058824,0,0.0184604290171638,0.0184604290171638,0.0184604290171638,0.5,0.0184604290171638,0.5,0.5,0.5,TRUE,0,0,0,TRUE
"44",44,"1_d1",1,"d1","Au=1",0,0,0,0,-0.0083207646498153,0,0,-0.0083207646498153,0.5,0,0.5,FALSE,0,0,0,TRUE
"45",45,"1_d1",1,"d1","B=0",69,0.676470588235294,NA,0.454466049918243,0.454466049918243,0.454466049918243,1,0.454466049918243,1,1,1,TRUE,0,0,0,TRUE
"46",46,"1_d1",1,"d1","B=1",0,0,NA,-Inf,-Inf,-Inf,-Inf,-Inf,-Inf,-Inf,-Inf,NA,0,0,0,FALSE
"47",47,"1_d1",1,"d1","Bu=0",10,0.0980392156862745,0,0.345675585962399,0.345675585962399,0.345675585962399,0.5,0.345675585962399,0.5,0.5,0.5,TRUE,0,0,0,TRUE
"48",48,"1_d1",1,"d1","Bu=1",1,0.00980392156862745,0,0,-0.261299490522204,0,0,-0.261299490522204,0.5,0,0.5,FALSE,0,0,0,TRUE
"49",49,"1_d2",1,"d2","A=0",24,0.247422680412371,NA,0.459683785688754,0.459683785688754,0.317396928571396,1,0.317396928571396,1,1,1,TRUE,0,1,0,TRUE
"50",50,"1_d2",1,"d2","A=1",0,0,NA,-Inf,-Inf,-Inf,-Inf,-Inf,-Inf,-Inf,-Inf,NA,0,1,0,FALSE
"51",51,"1_d2",1,"d2","Au=0",4,0.0412371134020619,0,0.0219347721813992,0.0219347721813992,0.0163061313127241,0.5,0.0163061313127241,0.5,0.5,0.5,TRUE,0,1,0,TRUE
"52",52,"1_d2",1,"d2","Au=1",0,0,0,0,-0.0131895531174034,0,0,-0.0080315886468725,0.5,0,0.5,FALSE,0,1,0,TRUE
"53",53,"1_d2",1,"d2","B=0",1,0.0103092783505155,NA,-Inf,-Inf,-Inf,-Inf,-Inf,-Inf,-Inf,-Inf,NA,0,1,0,FALSE
"54",54,"1_d2",1,"d2","B=1",8,0.0824742268041237,NA,0,-0.178814944868202,0,0,-0.425516560494931,0,0,0,FALSE,0,1,0,TRUE
"55",55,"1_d2",1,"d2","Bu=0",56,0.577319587628866,0.5,0.618603736827108,0.618603736827108,0.309301868413554,1,0.309301868413554,1,0.5,0.5,TRUE,0,1,0,TRUE
"56",56,"1_d2",1,"d2","Bu=1",4,0.0412371134020619,0.5,0,0,0,0,-0.256088655929744,0,0,0.5,FALSE,0,1,0,TRUE
"57",57,"1_d3",1,"d3","A=0",4,0.043010752688172,NA,0,-0.175313206428182,0,0,-0.318225462544545,0,0,0,FALSE,0,1,1,TRUE
"58",58,"1_d3",1,"d3","A=1",0,0,NA,-Inf,-Inf,-Inf,-Inf,-Inf,-Inf,-Inf,-Inf,NA,0,1,1,FALSE
"59",59,"1_d3",1,"d3","Au=0",1,0.010752688172043,0,0,-0.0109008412113564,0,0,-0.0163638958875374,0.5,0,0.5,FALSE,0,1,1,TRUE
"60",60,"1_d3",1,"d3","Au=1",2,0.021505376344086,0,0,0.00233688487209518,0,0,0.00737488191012144,0.5,0,0.5,FALSE,0,1,1,TRUE
"61",61,"1_d3",1,"d3","B=0",0,0,NA,-Inf,-Inf,-Inf,-Inf,-Inf,-Inf,-Inf,-Inf,NA,0,1,1,FALSE
"62",62,"1_d3",1,"d3","B=1",15,0.161290322580645,NA,0.671727107191491,0.671727107191491,0.424639178425178,1,0.424639178425178,1,1,1,TRUE,0,1,1,TRUE
"63",63,"1_d3",1,"d3","Bu=0",1,0.010752688172043,0.5,0,0,0,0,-0.308735177463844,0,0,0.5,FALSE,0,1,1,TRUE
"64",64,"1_d3",1,"d3","Bu=1",70,0.752688172043011,0.5,0.511698823267489,0.511698823267489,0.255849411633744,1,0.255849411633744,1,0.5,0.5,TRUE,0,1,1,TRUE
"65",65,"1_d4",1,"d4","A=0",1,0.0106382978723404,NA,-Inf,-Inf,-Inf,-Inf,-Inf,-Inf,-Inf,-Inf,NA,1,0,0,FALSE
"66",66,"1_d4",1,"d4","A=1",7,0.074468085106383,NA,0,-0.151171806449516,0,0,-0.118264785824507,0,0,0,FALSE,1,0,0,TRUE
"67",67,"1_d4",1,"d4","Au=0",52,0.553191489361702,0.5,0.588036787888369,0.588036787888369,0.294018393944185,1,0.294018393944185,1,0.5,0.5,TRUE,1,0,0,TRUE
"68",68,"1_d4",1,"d4","Au=1",4,0.0425531914893617,0.5,0,0,0,0,-0.165646524271099,0,0,0.5,FALSE,1,0,0,TRUE
"69",69,"1_d4",1,"d4","B=0",26,0.276595744680851,NA,0.437313794318068,0.437313794318068,0.354330255116155,1,0.354330255116155,1,1,1,TRUE,1,0,0,TRUE
"70",70,"1_d4",1,"d4","B=1",0,0,NA,-Inf,-Inf,-Inf,-Inf,-Inf,-Inf,-Inf,-Inf,NA,1,0,0,FALSE
"71",71,"1_d4",1,"d4","Bu=0",4,0.0425531914893617,0,0.108831156285831,0.108831156285831,0.230759841866997,0.5,0.230759841866997,0.5,0.5,0.5,TRUE,1,0,0,TRUE
"72",72,"1_d4",1,"d4","Bu=1",0,0,0,0,-0.0841573296717665,0,0,-0.23713738551483,0.5,0,0.5,FALSE,1,0,0,TRUE
"73",73,"1_d5",1,"d5","A=0",0,0,NA,-Inf,-Inf,-Inf,-Inf,-Inf,-Inf,-Inf,-Inf,NA,1,0,1,FALSE
"74",74,"1_d5",1,"d5","A=1",10,0.0869565217391304,NA,0.0845720778695838,0.0845720778695838,0.117456799428295,1,0.117456799428295,1,1,1,TRUE,1,0,1,TRUE
"75",75,"1_d5",1,"d5","Au=0",1,0.00869565217391304,0.5,0,0,0,0,-0.294541484143759,0,0,0.5,FALSE,1,0,1,TRUE
"76",76,"1_d5",1,"d5","Au=1",94,0.817391304347826,0.5,0.333207313465797,0.333207313465797,0.166603656732899,1,0.166603656732899,1,0.5,0.5,TRUE,1,0,1,TRUE
"77",77,"1_d5",1,"d5","B=0",7,0.0608695652173913,NA,0,-0.271258207769971,0,0,-0.353787245254007,0,0,0,FALSE,1,0,1,TRUE
"78",78,"1_d5",1,"d5","B=1",0,0,NA,-Inf,-Inf,-Inf,-Inf,-Inf,-Inf,-Inf,-Inf,NA,1,0,1,FALSE
"79",79,"1_d5",1,"d5","Bu=0",1,0.00869565217391304,0,0,-0.351908497922778,0,0,-0.230316724424994,0.5,0,0.5,FALSE,1,0,1,TRUE
"80",80,"1_d5",1,"d5","Bu=1",2,0.0173913043478261,0,0,0.390278671149443,0,0,0.237221732829767,0.5,0,0.5,FALSE,1,0,1,TRUE
"81",81,"1_d6",1,"d6","A=0",4,0.0373831775700935,NA,-Inf,-Inf,-Inf,-Inf,-Inf,-Inf,-Inf,-Inf,NA,1,1,0,FALSE
"82",82,"1_d6",1,"d6","A=1",3,0.0280373831775701,NA,0,-0.755661047658232,0,0,-0.596156613710245,0,0,0,FALSE,1,1,0,TRUE
"83",83,"1_d6",1,"d6","Au=0",35,0.327102803738318,0.5,0.521672132844056,0.521672132844056,0.243568729585199,1,0.243568729585199,1,0.5,0.5,TRUE,1,1,0,TRUE
"84",84,"1_d6",1,"d6","Au=1",0,0,0.5,0,0,0,0,-0.169182569247992,0,0,0.5,FALSE,1,1,0,TRUE
"85",85,"1_d6",1,"d6","B=0",0,0,NA,-Inf,-Inf,-Inf,-Inf,-Inf,-Inf,-Inf,-Inf,NA,1,1,0,FALSE
"86",86,"1_d6",1,"d6","B=1",2,0.0186915887850467,NA,0,-0.0493349050130202,0,0,-0.166351839328679,0,0,0,FALSE,1,1,0,TRUE
"87",87,"1_d6",1,"d6","Bu=0",61,0.570093457943925,0.5,0.0678576073695447,0.0678576073695447,0.0851644375594797,1,0.0851644375594797,1,0.5,0.5,TRUE,1,1,0,TRUE
"88",88,"1_d6",1,"d6","Bu=1",2,0.0186915887850467,0.5,0,0,0,0,-0.138162279207402,0,0,0.5,FALSE,1,1,0,TRUE
"89",89,"1_d7",1,"d7","A=0",0,0,NA,-Inf,-Inf,-Inf,-Inf,-Inf,-Inf,-Inf,-Inf,NA,1,1,1,FALSE
"90",90,"1_d7",1,"d7","A=1",21,0.207920792079208,NA,0.543939322670907,0.543939322670907,0.596735990809921,1,0.596735990809921,1,1,1,TRUE,1,1,1,TRUE
"91",91,"1_d7",1,"d7","Au=0",0,0,0.167,0,-0.15085573525339,0,0,-0.243479201676557,0.333333333333333,0,0.5,FALSE,1,1,1,TRUE
"92",92,"1_d7",1,"d7","Au=1",25,0.247524752475248,0.167,0.225521054565856,0.225521054565856,0.169140790924392,0.666666666666666,0.169140790924392,0.666666666666666,0.5,0.5,TRUE,1,1,1,TRUE
"93",93,"1_d7",1,"d7","B=0",0,0,NA,-Inf,-Inf,-Inf,-Inf,-Inf,-Inf,-Inf,-Inf,NA,1,1,1,FALSE
"94",94,"1_d7",1,"d7","B=1",12,0.118811881188119,NA,0.205521836315589,0.205521836315589,0.166903800402619,1,0.166903800402619,1,1,1,TRUE,1,1,1,TRUE
"95",95,"1_d7",1,"d7","Bu=0",0,0,0.167,0,-0.0904809096015486,0,0,-0.0845592143318099,0.333333333333333,0,0.5,FALSE,1,1,1,TRUE
"96",96,"1_d7",1,"d7","Bu=1",43,0.425742574257426,0.167,0.18307891187768,0.18307891187768,0.13730918390826,0.666666666666666,0.13730918390826,0.666666666666666,0.5,0.5,TRUE,1,1,1,TRUE
"97",97,"2_c1",2,"c1","A=0",22,0.293333333333333,NA,0.0620708160700699,0.0620708160700699,0.0620708160700699,1,0.0620708160700699,1,1,1,TRUE,0,0,0,TRUE
"98",98,"2_c1",2,"c1","A=1",0,0,NA,-Inf,-Inf,-Inf,-Inf,-Inf,-Inf,-Inf,-Inf,NA,0,0,0,FALSE
"99",99,"2_c1",2,"c1","Au=0",4,0.0533333333333333,0,0.117180612428172,0.117180612428172,0.117180612428172,0.9,0.117180612428172,0.9,0.9,0.9,TRUE,0,0,0,TRUE
"100",100,"2_c1",2,"c1","Au=1",1,0.0133333333333333,0,0,-0.0306232665464588,0,0,-0.0306232665464588,0.1,0,0.1,FALSE,0,0,0,TRUE
"101",101,"2_c1",2,"c1","B=0",39,0.52,NA,0.0513575992609372,0.0513575992609372,0.0513575992609372,1,0.0513575992609372,1,1,1,TRUE,0,0,0,TRUE
"102",102,"2_c1",2,"c1","B=1",2,0.0266666666666667,NA,-Inf,-Inf,-Inf,-Inf,-Inf,-Inf,-Inf,-Inf,NA,0,0,0,FALSE
"103",103,"2_c1",2,"c1","Bu=0",7,0.0933333333333333,0,0.00533962779601245,0.00533962779601245,0.00533962779601245,0.2,0.00533962779601245,0.2,0.2,0.2,TRUE,0,0,0,TRUE
"104",104,"2_c1",2,"c1","Bu=1",0,0,0,0,-0.00581333550922209,0,0,-0.00581333550922209,0.8,0,0.8,FALSE,0,0,0,TRUE
"105",105,"2_c2",2,"c2","A=0",53,0.588888888888889,NA,0.308470998691861,0.308470998691861,0.308470998691861,1,0.308470998691861,1,1,1,TRUE,0,1,0,TRUE
"106",106,"2_c2",2,"c2","A=1",2,0.0222222222222222,NA,-Inf,-Inf,-Inf,-Inf,-Inf,-Inf,-Inf,-Inf,NA,0,1,0,FALSE
"107",107,"2_c2",2,"c2","Au=0",6,0.0666666666666667,0,0.0619906751147241,0.0619906751147241,0.0619906751147241,0.9,0.0619906751147241,0.9,0.9,0.9,TRUE,0,1,0,TRUE
"108",108,"2_c2",2,"c2","Au=1",0,0,0,0,-0.0169020063713587,0,0,-0.0169020063713587,0.1,0,0.1,FALSE,0,1,0,TRUE
"109",109,"2_c2",2,"c2","B=0",0,0,NA,-Inf,-Inf,-Inf,-Inf,-Inf,-Inf,-Inf,-Inf,NA,0,1,0,FALSE
"110",110,"2_c2",2,"c2","B=1",5,0.0555555555555556,NA,0,-0.254276945831479,0,0,-0.254276945831479,0,0,0,FALSE,0,1,0,TRUE
"111",111,"2_c2",2,"c2","Bu=0",21,0.233333333333333,0,0.0256100693429096,0.0256100693429096,0.0256100693429096,0.2,0.0256100693429096,0.2,0.2,0.2,TRUE,0,1,0,TRUE
"112",112,"2_c2",2,"c2","Bu=1",3,0.0333333333333333,0,0,-0.0290840377003968,0,0,-0.0290840377003968,0.8,0,0.8,FALSE,0,1,0,TRUE
"113",113,"2_c3",2,"c3","A=0",2,0.0186915887850467,NA,-Inf,-Inf,-Inf,-Inf,-Inf,-Inf,-Inf,-Inf,NA,1,0,0,FALSE
"114",114,"2_c3",2,"c3","A=1",13,0.121495327102804,NA,0,-0.0259464367865197,0,0,-0.0259464367865197,0,0,0,FALSE,1,0,0,TRUE
"115",115,"2_c3",2,"c3","Au=0",25,0.233644859813084,0,0.276191821861416,0.276191821861416,0.276191821861416,0.9,0.276191821861416,0.9,0.9,0.9,TRUE,1,0,0,TRUE
"116",116,"2_c3",2,"c3","Au=1",1,0.00934579439252336,0,0,-0.07378030420661,0,0,-0.07378030420661,0.1,0,0.1,FALSE,1,0,0,TRUE
"117",117,"2_c3",2,"c3","B=0",57,0.532710280373832,NA,0.121277712216419,0.121277712216419,0.121277712216419,1,0.121277712216419,1,1,1,TRUE,1,0,0,TRUE
"118",118,"2_c3",2,"c3","B=1",2,0.0186915887850467,NA,-Inf,-Inf,-Inf,-Inf,-Inf,-Inf,-Inf,-Inf,NA,1,0,0,FALSE
"119",119,"2_c3",2,"c3","Bu=0",7,0.0654205607476635,0,0.0124389240005473,0.0124389240005473,0.0124389240005473,0.2,0.0124389240005473,0.2,0.2,0.2,TRUE,1,0,0,TRUE
"120",120,"2_c3",2,"c3","Bu=1",0,0,0,0,-0.0138124199278946,0,0,-0.0138124199278946,0.8,0,0.8,FALSE,1,0,0,TRUE
"121",121,"2_c4",2,"c4","A=0",0,0,NA,-Inf,-Inf,-Inf,-Inf,-Inf,-Inf,-Inf,-Inf,NA,1,1,0,FALSE
"122",122,"2_c4",2,"c4","A=1",2,0.0204081632653061,NA,0,-0.117613902816143,0,0,-0.141468151321027,0,0,0,FALSE,1,1,0,TRUE
"123",123,"2_c4",2,"c4","Au=0",53,0.540816326530612,0.078,0.165271378311299,0.165271378311299,0.152049668046395,0.978260869565217,0.152049668046395,0.978260869565217,0.9,0.9,TRUE,1,1,0,TRUE
"124",124,"2_c4",2,"c4","Au=1",3,0.0306122448979592,0.078,0,-0.00501805908088672,0,0,-0.052878660990449,0.0217391304347826,0,0.1,FALSE,1,1,0,TRUE
"125",125,"2_c4",2,"c4","B=0",0,0,NA,-Inf,-Inf,-Inf,-Inf,-Inf,-Inf,-Inf,-Inf,NA,1,1,0,FALSE
"126",126,"2_c4",2,"c4","B=1",2,0.0204081632653061,NA,0,-0.65001646071506,0,0,-0.63131248080683,0,0,0,FALSE,1,1,0,TRUE
"127",127,"2_c4",2,"c4","Bu=0",35,0.357142857142857,0.017,0.0674627143264066,0.0674627143264066,0.0620656971802942,0.217391304347826,0.0620656971802942,0.217391304347826,0.2,0.2,TRUE,1,1,0,TRUE
"128",128,"2_c4",2,"c4","Bu=1",3,0.0306122448979592,0.017,0,-0.061330666195699,0,0,-0.0764457275419704,0.782608695652174,0,0.8,FALSE,1,1,0,TRUE
"129",129,"2_c5",2,"c5","A=0",0,0,NA,-Inf,-Inf,-Inf,-Inf,-Inf,-Inf,-Inf,-Inf,NA,1,1,1,FALSE
"130",130,"2_c5",2,"c5","A=1",3,0.0348837209302326,NA,0.417390986639466,0.417390986639466,0.141836919520081,1,0.141836919520081,1,1,1,TRUE,1,1,1,TRUE
"131",131,"2_c5",2,"c5","Au=0",0,0,0.9,0,0,0,0,-0.152589243774881,0,0,0.9,FALSE,1,1,1,TRUE
"132",132,"2_c5",2,"c5","Au=1",43,0.5,0.9,0.603273493028209,0.603273493028209,0.052882607258925,1,0.052882607258925,1,0.1,0.1,TRUE,1,1,1,TRUE
"133",133,"2_c5",2,"c5","B=0",0,0,NA,-Inf,-Inf,-Inf,-Inf,-Inf,-Inf,-Inf,-Inf,NA,1,1,1,FALSE
"134",134,"2_c5",2,"c5","B=1",6,0.0697674418604651,NA,0.416974454310046,0.416974454310046,0.632839253502613,1,0.632839253502613,1,1,1,TRUE,1,1,1,TRUE
"135",135,"2_c5",2,"c5","Bu=0",0,0,0.2,0,0,0,0,-0.0621062955528838,0,0,0.2,FALSE,1,1,1,TRUE
"136",136,"2_c5",2,"c5","Bu=1",34,0.395348837209302,0.2,0.249688387957975,0.249688387957975,0.0764375659009693,1,0.0764375659009693,1,0.8,0.8,TRUE,1,1,1,TRUE
"137",137,"2_d1",2,"d1","A=0",20,0.224719101123595,NA,0.0291266024189402,0.0291266024189402,0.0291266024189402,1,0.0291266024189402,1,1,1,TRUE,0,0,0,TRUE
"138",138,"2_d1",2,"d1","A=1",2,0.0224719101123595,NA,-Inf,-Inf,-Inf,-Inf,-Inf,-Inf,-Inf,-Inf,NA,0,0,0,FALSE
"139",139,"2_d1",2,"d1","Au=0",3,0.0337078651685393,0,0.067947679242266,0.067947679242266,0.067947679242266,0.9,0.067947679242266,0.9,0.9,0.9,TRUE,0,0,0,TRUE
"140",140,"2_d1",2,"d1","Au=1",0,0,0,0,-0.0021084232234408,0,0,-0.0021084232234408,0.1,0,0.1,FALSE,0,0,0,TRUE
"141",141,"2_d1",2,"d1","B=0",52,0.584269662921348,NA,0.833149632814987,0.833149632814987,0.833149632814987,1,0.833149632814987,1,1,1,TRUE,0,0,0,TRUE
"142",142,"2_d1",2,"d1","B=1",2,0.0224719101123595,NA,-Inf,-Inf,-Inf,-Inf,-Inf,-Inf,-Inf,-Inf,NA,0,0,0,FALSE
"143",143,"2_d1",2,"d1","Bu=0",8,0.0898876404494382,0,0.0762684408019712,0.0762684408019712,0.0762684408019712,0.2,0.0762684408019712,0.2,0.2,0.2,TRUE,0,0,0,TRUE
"144",144,"2_d1",2,"d1","Bu=1",2,0.0224719101123595,0,0,-0.112558249851029,0,0,-0.112558249851029,0.8,0,0.8,FALSE,0,0,0,TRUE
"145",145,"2_d2",2,"d2","A=0",21,0.221052631578947,NA,0.694804282847591,0.694804282847591,0.530979252186215,1,0.530979252186215,1,1,1,TRUE,0,1,0,TRUE
"146",146,"2_d2",2,"d2","A=1",0,0,NA,-Inf,-Inf,-Inf,-Inf,-Inf,-Inf,-Inf,-Inf,NA,0,1,0,FALSE
"147",147,"2_d2",2,"d2","Au=0",7,0.0736842105263158,0,0.166278648722561,0.166278648722561,0.130166023671374,0.9,0.130166023671374,0.9,0.9,0.9,TRUE,0,1,0,TRUE
"148",148,"2_d2",2,"d2","Au=1",0,0,0,0,-0.0114927654597846,0,0,-0.00512857081594472,0.1,0,0.1,FALSE,0,1,0,TRUE
"149",149,"2_d2",2,"d2","B=0",1,0.0105263157894737,NA,-Inf,-Inf,-Inf,-Inf,-Inf,-Inf,-Inf,-Inf,NA,0,1,0,FALSE
"150",150,"2_d2",2,"d2","B=1",4,0.0421052631578947,NA,0,-0.213478294298089,0,0,-0.611868266354434,0,0,0,FALSE,0,1,0,TRUE
"151",151,"2_d2",2,"d2","Bu=0",55,0.578947368421053,0.8,0.218443392143084,0.218443392143084,0.0436886784286169,1,0.0436886784286169,1,0.2,0.2,TRUE,0,1,0,TRUE
"152",152,"2_d2",2,"d2","Bu=1",7,0.0736842105263158,0.8,0,0,0,0,-0.0913768650101298,0,0,0.8,FALSE,0,1,0,TRUE
"153",153,"2_d3",2,"d3","A=0",2,0.0196078431372549,NA,0,-0.489998383120672,0,0,-0.530899583814005,0,0,0,FALSE,0,1,1,TRUE
"154",154,"2_d3",2,"d3","A=1",1,0.00980392156862745,NA,-Inf,-Inf,-Inf,-Inf,-Inf,-Inf,-Inf,-Inf,NA,0,1,1,FALSE
"155",155,"2_d3",2,"d3","Au=0",1,0.00980392156862745,0,0,-0.121095581370825,0,0,-0.130145452064958,0.9,0,0.9,FALSE,0,1,1,TRUE
"156",156,"2_d3",2,"d3","Au=1",2,0.0196078431372549,0,0,0.0035548244272779,0,0,0.0051820479553007,0.1,0,0.1,FALSE,0,1,1,TRUE
"157",157,"2_d3",2,"d3","B=0",0,0,NA,-Inf,-Inf,-Inf,-Inf,-Inf,-Inf,-Inf,-Inf,NA,0,1,1,FALSE
"158",158,"2_d3",2,"d3","B=1",10,0.0980392156862745,NA,0.711609863076257,0.711609863076257,0.612192310834313,1,0.612192310834313,1,1,1,TRUE,0,1,1,TRUE
"159",159,"2_d3",2,"d3","Bu=0",1,0.00980392156862745,0.2,0,0,0,0,-0.0437584215713112,0,0,0.2,FALSE,0,1,1,TRUE
"160",160,"2_d3",2,"d3","Bu=1",85,0.833333333333333,0.2,0.114314500029312,0.114314500029312,0.0914516000234494,1,0.0914516000234494,1,0.8,0.8,TRUE,0,1,1,TRUE
"161",161,"2_d4",2,"d4","A=0",1,0.00900900900900901,NA,-Inf,-Inf,-Inf,-Inf,-Inf,-Inf,-Inf,-Inf,NA,1,0,0,FALSE
"162",162,"2_d4",2,"d4","A=1",6,0.0540540540540541,NA,0,-0.0275739821002974,0,0,-0.025753593664137,0,0,0,FALSE,1,0,0,TRUE
"163",163,"2_d4",2,"d4","Au=0",60,0.540540540540541,0.1,0.385856039428714,0.385856039428714,0.347270435485843,1,0.347270435485843,1,0.9,0.9,TRUE,1,0,0,TRUE
"164",164,"2_d4",2,"d4","Au=1",4,0.036036036036036,0.1,0,0,0,0,-0.0113135589771027,0,0,0.1,FALSE,1,0,0,TRUE
"165",165,"2_d4",2,"d4","B=0",36,0.324324324324324,NA,0.779318244119825,0.779318244119825,0.771307617922513,1,0.771307617922513,1,1,1,TRUE,1,0,0,TRUE
"166",166,"2_d4",2,"d4","B=1",0,0,NA,-Inf,-Inf,-Inf,-Inf,-Inf,-Inf,-Inf,-Inf,NA,1,0,0,FALSE
"167",167,"2_d4",2,"d4","Bu=0",4,0.036036036036036,0,0.0525435647397092,0.0525435647397092,0.0642683673672149,0.2,0.0642683673672149,0.2,0.2,0.2,TRUE,1,0,0,TRUE
"168",168,"2_d4",2,"d4","Bu=1",0,0,0,0,-0.0753295675290954,0,0,-0.107494610619008,0.8,0,0.8,FALSE,1,0,0,TRUE
"169",169,"2_d5",2,"d5","A=0",1,0.0101010101010101,NA,-Inf,-Inf,-Inf,-Inf,-Inf,-Inf,-Inf,-Inf,NA,1,0,1,FALSE
"170",170,"2_d5",2,"d5","A=1",7,0.0707070707070707,NA,0.00792535879139982,0.00792535879139982,0.025858264757808,1,0.025858264757808,1,1,1,TRUE,1,0,1,TRUE
"171",171,"2_d5",2,"d5","Au=0",1,0.0101010101010101,0.9,0,0,0,0,-0.347904062665014,0,0,0.9,FALSE,1,0,1,TRUE
"172",172,"2_d5",2,"d5","Au=1",82,0.828282828282828,0.9,0.11302752333473,0.11302752333473,0.011302752333473,1,0.011302752333473,1,0.1,0.1,TRUE,1,0,1,TRUE
"173",173,"2_d5",2,"d5","B=0",7,0.0707070707070707,NA,0,-0.698527160410876,0,0,-0.770723195714986,0,0,0,FALSE,1,0,1,TRUE
"174",174,"2_d5",2,"d5","B=1",0,0,NA,-Inf,-Inf,-Inf,-Inf,-Inf,-Inf,-Inf,-Inf,NA,1,0,1,FALSE
"175",175,"2_d5",2,"d5","Bu=0",1,0.0101010101010101,0,0,-0.169467783525223,0,0,-0.0639129127826725,0.2,0,0.2,FALSE,1,0,1,TRUE
"176",176,"2_d5",2,"d5","Bu=1",0,0,0,0,0.398400061426609,0,0,0.107133063485225,0.8,0,0.8,FALSE,1,0,1,TRUE
"177",177,"2_d6",2,"d6","A=0",1,0.0117647058823529,NA,-Inf,-Inf,-Inf,-Inf,-Inf,-Inf,-Inf,-Inf,NA,1,1,0,FALSE
"178",178,"2_d6",2,"d6","A=1",1,0.0117647058823529,NA,0,-0.522274088730937,0,0,-0.462955199011414,0,0,0,FALSE,1,1,0,TRUE
"179",179,"2_d6",2,"d6","Au=0",41,0.482352941176471,0.1,0.755201107128661,0.755201107128661,0.632657816559459,1,0.632657816559459,1,0.9,0.9,TRUE,1,1,0,TRUE
"180",180,"2_d6",2,"d6","Au=1",1,0.0117647058823529,0.1,0,0,0,0,-0.0359411999553717,0,0,0.1,FALSE,1,1,0,TRUE
"181",181,"2_d6",2,"d6","B=0",1,0.0117647058823529,NA,-Inf,-Inf,-Inf,-Inf,-Inf,-Inf,-Inf,-Inf,NA,1,1,0,FALSE
"182",182,"2_d6",2,"d6","B=1",4,0.0470588235294118,NA,0,-0.0677438446450061,0,0,-0.247765925524799,0,0,0,FALSE,1,1,0,TRUE
"183",183,"2_d6",2,"d6","Bu=0",33,0.388235294117647,0.8,0.0500479184823622,0.0500479184823622,0.0150267823833385,1,0.0150267823833385,1,0.2,0.2,TRUE,1,1,0,TRUE
"184",184,"2_d6",2,"d6","Bu=1",3,0.0352941176470588,0.8,0,0,0,0,-0.0441748066770433,0,0,0.8,FALSE,1,1,0,TRUE
"185",185,"2_d7",2,"d7","A=0",0,0,NA,-Inf,-Inf,-Inf,-Inf,-Inf,-Inf,-Inf,-Inf,NA,1,1,1,FALSE
"186",186,"2_d7",2,"d7","A=1",4,0.0408163265306122,NA,0.450783594365664,0.450783594365664,0.463667640012415,1,0.463667640012415,1,1,1,TRUE,1,1,1,TRUE
"187",187,"2_d7",2,"d7","Au=0",0,0,0.022,0,-0.606705892709988,0,0,-0.63346565965968,0.878048780487805,0,0.9,FALSE,1,1,1,TRUE
"188",188,"2_d7",2,"d7","Au=1",34,0.346938775510204,0.022,0.0437513861724123,0.0437513861724123,0.0358761366613781,0.121951219512195,0.0358761366613781,0.121951219512195,0.1,0.1,TRUE,1,1,1,TRUE
"189",189,"2_d7",2,"d7","B=0",0,0,NA,-Inf,-Inf,-Inf,-Inf,-Inf,-Inf,-Inf,-Inf,NA,1,1,1,FALSE
"190",190,"2_d7",2,"d7","B=1",6,0.0612244897959184,NA,0.286865004536132,0.286865004536132,0.24727800798888,1,0.24727800798888,1,1,1,TRUE,1,1,1,TRUE
"191",191,"2_d7",2,"d7","Bu=0",0,0,0.176,0,-0.00732460220576775,0,0,-0.0151084932793941,0.024390243902439,0,0.2,FALSE,1,1,1,TRUE
"192",192,"2_d7",2,"d7","Bu=1",54,0.551020408163265,0.176,0.0534964374315658,0.0534964374315658,0.043867078693884,0.975609756097561,0.043867078693884,0.975609756097561,0.8,0.8,TRUE,1,1,1,TRUE
"193",193,"3_c1",3,"c1","A=0",31,0.292452830188679,NA,0.246464420653361,0.246464420653361,0.246464420653361,1,0.246464420653361,1,1,1,TRUE,0,0,0,TRUE
"194",194,"3_c1",3,"c1","A=1",1,0.00943396226415094,NA,-Inf,-Inf,-Inf,-Inf,-Inf,-Inf,-Inf,-Inf,NA,0,0,0,FALSE
"195",195,"3_c1",3,"c1","Au=0",3,0.0283018867924528,0,0.0150249217632454,0.0150249217632454,0.0150249217632454,0.3,0.0150249217632454,0.3,0.3,0.3,TRUE,0,0,0,TRUE
"196",196,"3_c1",3,"c1","Au=1",1,0.00943396226415094,0,0,-0.0691122198572843,0,0,-0.0691122198572843,0.7,0,0.7,FALSE,0,0,0,TRUE
"197",197,"3_c1",3,"c1","B=0",62,0.584905660377358,NA,0.0227987438819669,0.0227987438819669,0.0227987438819669,1,0.0227987438819669,1,1,1,TRUE,0,0,0,TRUE
"198",198,"3_c1",3,"c1","B=1",2,0.0188679245283019,NA,-Inf,-Inf,-Inf,-Inf,-Inf,-Inf,-Inf,-Inf,NA,0,0,0,FALSE
"199",199,"3_c1",3,"c1","Bu=0",6,0.0566037735849057,0,0.0305237919616033,0.0305237919616033,0.0305237919616033,0.5,0.0305237919616033,0.5,0.5,0.5,TRUE,0,0,0,TRUE
"200",200,"3_c1",3,"c1","Bu=1",0,0,0,0,-0.0128419284621279,0,0,-0.0128419284621279,0.5,0,0.5,FALSE,0,0,0,TRUE
"201",201,"3_c2",3,"c2","A=0",56,0.583333333333333,NA,0.509587886733087,0.509587886733087,0.509587886733087,1,0.509587886733087,1,1,1,TRUE,0,1,0,TRUE
"202",202,"3_c2",3,"c2","A=1",1,0.0104166666666667,NA,-Inf,-Inf,-Inf,-Inf,-Inf,-Inf,-Inf,-Inf,NA,0,1,0,FALSE
"203",203,"3_c2",3,"c2","Au=0",2,0.0208333333333333,0,0.00500719680601729,0.00500719680601729,0.00500719680601729,0.3,0.00500719680601729,0.3,0.3,0.3,TRUE,0,1,0,TRUE
"204",204,"3_c2",3,"c2","Au=1",0,0,0,0,-0.023192346440211,0,0,-0.023192346440211,0.7,0,0.7,FALSE,0,1,0,TRUE
"205",205,"3_c2",3,"c2","B=0",0,0,NA,-Inf,-Inf,-Inf,-Inf,-Inf,-Inf,-Inf,-Inf,NA,0,1,0,FALSE
"206",206,"3_c2",3,"c2","B=1",4,0.0416666666666667,NA,0,-0.0469334313237396,0,0,-0.0469334313237396,0,0,0,FALSE,0,1,0,TRUE
"207",207,"3_c2",3,"c2","Bu=0",28,0.291666666666667,0,0.062124945516213,0.062124945516213,0.062124945516213,0.5,0.062124945516213,0.5,0.5,0.5,TRUE,0,1,0,TRUE
"208",208,"3_c2",3,"c2","Bu=1",5,0.0520833333333333,0,0,-0.0267552608757522,0,0,-0.0267552608757522,0.5,0,0.5,FALSE,0,1,0,TRUE
"209",209,"3_c3",3,"c3","A=0",0,0,NA,-Inf,-Inf,-Inf,-Inf,-Inf,-Inf,-Inf,-Inf,NA,1,0,0,FALSE
"210",210,"3_c3",3,"c3","A=1",6,0.0689655172413793,NA,0,-0.134009014402576,0,0,-0.134009014402576,0,0,0,FALSE,1,0,0,TRUE
"211",211,"3_c3",3,"c3","Au=0",23,0.264367816091954,0,0.0738591931949524,0.0738591931949524,0.0738591931949524,0.3,0.0738591931949524,0.3,0.3,0.3,TRUE,1,0,0,TRUE
"212",212,"3_c3",3,"c3","Au=1",4,0.0459770114942529,0,0,-0.353909449246876,0,0,-0.353909449246876,0.7,0,0.7,FALSE,1,0,0,TRUE
"213",213,"3_c3",3,"c3","B=0",45,0.517241379310345,NA,0.113916319085854,0.113916319085854,0.113916319085854,1,0.113916319085854,1,1,1,TRUE,1,0,0,TRUE
"214",214,"3_c3",3,"c3","B=1",0,0,NA,-Inf,-Inf,-Inf,-Inf,-Inf,-Inf,-Inf,-Inf,NA,1,0,0,FALSE
"215",215,"3_c3",3,"c3","Bu=0",8,0.0919540229885057,0,0.150127213462448,0.150127213462448,0.150127213462448,0.5,0.150127213462448,0.5,0.5,0.5,TRUE,1,0,0,TRUE
"216",216,"3_c3",3,"c3","Bu=1",1,0.0114942528735632,0,0,-0.0662436454329985,0,0,-0.0662436454329985,0.5,0,0.5,FALSE,1,0,0,TRUE
"217",217,"3_c4",3,"c4","A=0",0,0,NA,-Inf,-Inf,-Inf,-Inf,-Inf,-Inf,-Inf,-Inf,NA,1,1,0,FALSE
"218",218,"3_c4",3,"c4","A=1",2,0.0212765957446809,NA,0,-0.182685798746595,0,0,-0.345345269389066,0,0,0,FALSE,1,1,0,TRUE
"219",219,"3_c4",3,"c4","Au=0",29,0.308510638297872,0.162,0.040158218713255,0.040158218713255,0.0261028421636157,0.461538461538462,0.0261028421636157,0.461538461538462,0.3,0.3,TRUE,1,1,0,TRUE
"220",220,"3_c4",3,"c4","Au=1",0,0,0.162,0,-0.0544759099040844,0,0,-0.152469132647118,0.538461538461539,0,0.7,FALSE,1,1,0,TRUE
"221",221,"3_c4",3,"c4","B=0",1,0.0106382978723404,NA,-Inf,-Inf,-Inf,-Inf,-Inf,-Inf,-Inf,-Inf,NA,1,1,0,FALSE
"222",222,"3_c4",3,"c4","B=1",1,0.0106382978723404,NA,0,-0.270699688020769,0,0,-0.269725611729236,0,0,0,FALSE,1,1,0,TRUE
"223",223,"3_c4",3,"c4","Bu=0",58,0.617021276595745,0.269,0.498825913280616,0.498825913280616,0.3242368436324,0.76923076923077,0.3242368436324,0.76923076923077,0.5,0.5,TRUE,1,1,0,TRUE
"224",224,"3_c4",3,"c4","Bu=1",3,0.0319148936170213,0.269,0,-0.0383319920128247,0,0,-0.180611805056368,0.230769230769231,0,0.5,FALSE,1,1,0,TRUE
"225",225,"3_c5",3,"c5","A=0",1,0.00961538461538462,NA,-Inf,-Inf,-Inf,-Inf,-Inf,-Inf,-Inf,-Inf,NA,1,1,1,FALSE
"226",226,"3_c5",3,"c5","A=1",24,0.230769230769231,NA,0.646723075411874,0.646723075411874,0.34520160850724,1,0.34520160850724,1,1,1,TRUE,1,1,1,TRUE
"227",227,"3_c5",3,"c5","Au=0",0,0,0.3,0,0,0,0,-0.0260635172572646,0,0,0.3,FALSE,1,1,1,TRUE
"228",228,"3_c5",3,"c5","Au=1",55,0.528846153846154,0.3,0.334612133231084,0.334612133231084,0.152430098659432,1,0.152430098659432,1,0.7,0.7,TRUE,1,1,1,TRUE
"229",229,"3_c5",3,"c5","B=0",0,0,NA,-Inf,-Inf,-Inf,-Inf,-Inf,-Inf,-Inf,-Inf,NA,1,1,1,FALSE
"230",230,"3_c5",3,"c5","B=1",5,0.0480769230769231,NA,0.269486598736774,0.269486598736774,0.270009664317135,1,0.270009664317135,1,1,1,TRUE,1,1,1,TRUE
"231",231,"3_c5",3,"c5","Bu=0",1,0.00961538461538462,0.5,0,0,0,0,-0.323850350464546,0,0,0.5,FALSE,1,1,1,TRUE
"232",232,"3_c5",3,"c5","Bu=1",18,0.173076923076923,0.5,0.446128429078463,0.446128429078463,0.181197532046066,1,0.181197532046066,1,0.5,0.5,TRUE,1,1,1,TRUE
"233",233,"3_d1",3,"d1","A=0",20,0.21505376344086,NA,0.0728581500765084,0.0728581500765084,0.0728581500765084,1,0.0728581500765084,1,1,1,TRUE,0,0,0,TRUE
"234",234,"3_d1",3,"d1","A=1",1,0.010752688172043,NA,-Inf,-Inf,-Inf,-Inf,-Inf,-Inf,-Inf,-Inf,NA,0,0,0,FALSE
"235",235,"3_d1",3,"d1","Au=0",3,0.032258064516129,0,0.0128349211112501,0.0128349211112501,0.0128349211112501,0.3,0.0128349211112501,0.3,0.3,0.3,TRUE,0,0,0,TRUE
"236",236,"3_d1",3,"d1","Au=1",0,0,0,0,-0.0128609734977411,0,0,-0.0128609734977411,0.7,0,0.7,FALSE,0,0,0,TRUE
"237",237,"3_d1",3,"d1","B=0",61,0.655913978494624,NA,0.391135556487326,0.391135556487326,0.391135556487326,1,0.391135556487326,1,1,1,TRUE,0,0,0,TRUE
"238",238,"3_d1",3,"d1","B=1",0,0,NA,-Inf,-Inf,-Inf,-Inf,-Inf,-Inf,-Inf,-Inf,NA,0,0,0,FALSE
"239",239,"3_d1",3,"d1","Bu=0",7,0.0752688172043011,0,0.39382466952115,0.39382466952115,0.39382466952115,0.5,0.39382466952115,0.5,0.5,0.5,TRUE,0,0,0,TRUE
"240",240,"3_d1",3,"d1","Bu=1",1,0.010752688172043,0,0,-0.323568010942869,0,0,-0.323568010942869,0.5,0,0.5,FALSE,0,0,0,TRUE
"241",241,"3_d2",3,"d2","A=0",17,0.2125,NA,0.437359215451452,0.437359215451452,0.290558646323969,1,0.290558646323969,1,1,1,TRUE,0,1,0,TRUE
"242",242,"3_d2",3,"d2","A=1",0,0,NA,-Inf,-Inf,-Inf,-Inf,-Inf,-Inf,-Inf,-Inf,NA,0,1,0,FALSE
"243",243,"3_d2",3,"d2","Au=0",2,0.025,0,0.00987525183892806,0.00987525183892806,0.00762821085471673,0.3,0.00762821085471673,0.3,0.3,0.3,TRUE,0,1,0,TRUE
"244",244,"3_d2",3,"d2","Au=1",1,0.0125,0,0,-0.0137329114912137,0,0,-0.00832697871632446,0.7,0,0.7,FALSE,0,1,0,TRUE
"245",245,"3_d2",3,"d2","B=0",0,0,NA,-Inf,-Inf,-Inf,-Inf,-Inf,-Inf,-Inf,-Inf,NA,0,1,0,FALSE
"246",246,"3_d2",3,"d2","B=1",8,0.1,NA,0,-0.143121452606882,0,0,-0.37154455001346,0,0,0,FALSE,0,1,0,TRUE
"247",247,"3_d2",3,"d2","Bu=0",50,0.625,0.5,0.720002852125707,0.720002852125707,0.360001426062853,1,0.360001426062853,1,0.5,0.5,TRUE,0,1,0,TRUE
"248",248,"3_d2",3,"d2","Bu=1",2,0.025,0.5,0,0,0,0,-0.318106882272426,0,0,0.5,FALSE,0,1,0,TRUE
"249",249,"3_d3",3,"d3","A=0",4,0.0487804878048781,NA,0,-0.142971011335852,0,0,-0.290178518652722,0,0,0,FALSE,0,1,1,TRUE
"250",250,"3_d3",3,"d3","A=1",0,0,NA,-Inf,-Inf,-Inf,-Inf,-Inf,-Inf,-Inf,-Inf,NA,0,1,1,FALSE
"251",251,"3_d3",3,"d3","Au=0",1,0.0121951219512195,0,0,-0.00494130856873317,0,0,-0.00760269449524686,0.3,0,0.3,FALSE,0,1,1,TRUE
"252",252,"3_d3",3,"d3","Au=1",2,0.024390243902439,0,0,0.0020332001768734,0,0,0.00785508669315776,0.7,0,0.7,FALSE,0,1,1,TRUE
"253",253,"3_d3",3,"d3","B=0",0,0,NA,-Inf,-Inf,-Inf,-Inf,-Inf,-Inf,-Inf,-Inf,NA,0,1,1,FALSE
"254",254,"3_d3",3,"d3","B=1",12,0.146341463414634,NA,0.600060500926515,0.600060500926515,0.371571227428194,1,0.371571227428194,1,1,1,TRUE,0,1,1,TRUE
"255",255,"3_d3",3,"d3","Bu=0",1,0.0121951219512195,0.5,0,0,0,0,-0.359659921114726,0,0,0.5,FALSE,0,1,1,TRUE
"256",256,"3_d3",3,"d3","Bu=1",62,0.75609756097561,0.5,0.636598808003973,0.636598808003973,0.318299404001986,1,0.318299404001986,1,0.5,0.5,TRUE,0,1,1,TRUE
"257",257,"3_d4",3,"d4","A=0",1,0.010989010989011,NA,-Inf,-Inf,-Inf,-Inf,-Inf,-Inf,-Inf,-Inf,NA,1,0,0,FALSE
"258",258,"3_d4",3,"d4","A=1",5,0.0549450549450549,NA,0,-0.195928870464789,0,0,-0.138249113725675,0,0,0,FALSE,1,0,0,TRUE
"259",259,"3_d4",3,"d4","Au=0",58,0.637362637362637,0.7,0.623168952797955,0.623168952797955,0.186950685839387,1,0.186950685839387,1,0.3,0.3,TRUE,1,0,0,TRUE
"260",260,"3_d4",3,"d4","Au=1",3,0.032967032967033,0.7,0,0,0,0,-0.25596093407723,0,0,0.7,FALSE,1,0,0,TRUE
"261",261,"3_d4",3,"d4","B=0",19,0.208791208791209,NA,0.396910752815962,0.396910752815962,0.302957510997453,1,0.302957510997453,1,1,1,TRUE,1,0,0,TRUE
"262",262,"3_d4",3,"d4","B=1",0,0,NA,-Inf,-Inf,-Inf,-Inf,-Inf,-Inf,-Inf,-Inf,NA,1,0,0,FALSE
"263",263,"3_d4",3,"d4","Bu=0",5,0.0549450549450549,0,0.0934455388826635,0.0934455388826635,0.251714220630528,0.5,0.251714220630528,0.5,0.5,0.5,TRUE,1,0,0,TRUE
"264",264,"3_d4",3,"d4","Bu=1",0,0,0,0,-0.0775243833364985,0,0,-0.287613707387207,0.5,0,0.5,FALSE,1,0,0,TRUE
"265",265,"3_d5",3,"d5","A=0",0,0,NA,-Inf,-Inf,-Inf,-Inf,-Inf,-Inf,-Inf,-Inf,NA,1,0,1,FALSE
"266",266,"3_d5",3,"d5","A=1",16,0.207792207792208,NA,0.114666777359065,0.114666777359065,0.138758272692052,1,0.138758272692052,1,1,1,TRUE,1,0,1,TRUE
"267",267,"3_d5",3,"d5","Au=0",0,0,0.3,0,0,0,0,-0.186459437220893,0,0,0.3,FALSE,1,0,1,TRUE
"268",268,"3_d5",3,"d5","Au=1",57,0.74025974025974,0.3,0.366788177428768,0.366788177428768,0.256751724200137,1,0.256751724200137,1,0.7,0.7,TRUE,1,0,1,TRUE
"269",269,"3_d5",3,"d5","B=0",3,0.038961038961039,NA,0,-0.261186185228506,0,0,-0.3023155026444,0,0,0,FALSE,1,0,1,TRUE
"270",270,"3_d5",3,"d5","B=1",1,0.012987012987013,NA,-Inf,-Inf,-Inf,-Inf,-Inf,-Inf,-Inf,-Inf,NA,1,0,1,FALSE
"271",271,"3_d5",3,"d5","Bu=0",0,0,0,0,-0.319252111485696,0,0,-0.251594309671476,0.5,0,0.5,FALSE,1,0,1,TRUE
"272",272,"3_d5",3,"d5","Bu=1",0,0,0,0,0.378789773018158,0,0,0.288259282203082,0.5,0,0.5,FALSE,1,0,1,TRUE
"273",273,"3_d6",3,"d6","A=0",2,0.0217391304347826,NA,-Inf,-Inf,-Inf,-Inf,-Inf,-Inf,-Inf,-Inf,NA,1,1,0,FALSE
"274",274,"3_d6",3,"d6","A=1",6,0.0652173913043478,NA,0,-0.833641598763678,0,0,-0.615638342690007,0,0,0,FALSE,1,1,0,TRUE
"275",275,"3_d6",3,"d6","Au=0",31,0.33695652173913,0.7,0.430788589643657,0.430788589643657,0.121077981034407,1,0.121077981034407,1,0.3,0.3,TRUE,1,1,0,TRUE
"276",276,"3_d6",3,"d6","Au=1",4,0.0434782608695652,0.7,0,0,0,0,-0.196619548751977,0,0,0.7,FALSE,1,1,0,TRUE
"277",277,"3_d6",3,"d6","B=0",2,0.0217391304347826,NA,-Inf,-Inf,-Inf,-Inf,-Inf,-Inf,-Inf,-Inf,NA,1,1,0,FALSE
"278",278,"3_d6",3,"d6","B=1",2,0.0217391304347826,NA,0,-0.0447653362846572,0,0,-0.151249069491403,0,0,0,FALSE,1,1,0,TRUE
"279",279,"3_d6",3,"d6","Bu=0",42,0.456521739130435,0.5,0.0610840557160366,0.0610840557160366,0.0963270455746461,1,0.0963270455746461,1,0.5,0.5,TRUE,1,1,0,TRUE
"280",280,"3_d6",3,"d6","Bu=1",3,0.0326086956521739,0.5,0,0,0,0,-0.16625746147686,0,0,0.5,FALSE,1,1,0,TRUE
"281",281,"3_d7",3,"d7","A=0",0,0,NA,-Inf,-Inf,-Inf,-Inf,-Inf,-Inf,-Inf,-Inf,NA,1,1,1,FALSE
"282",282,"3_d7",3,"d7","A=1",12,0.141176470588235,NA,0.577017468104546,0.577017468104546,0.615469523277155,1,0.615469523277155,1,1,1,TRUE,1,1,1,TRUE
"283",283,"3_d7",3,"d7","Au=0",0,0,0.124,0,-0.0662754228523646,0,0,-0.120750482333526,0.176470588235294,0,0.3,FALSE,1,1,1,TRUE
"284",284,"3_d7",3,"d7","Au=1",48,0.564705882352941,0.124,0.232074423058788,0.232074423058788,0.19726325959997,0.823529411764706,0.19726325959997,0.823529411764706,0.7,0.7,TRUE,1,1,1,TRUE
"285",285,"3_d7",3,"d7","B=0",0,0,NA,-Inf,-Inf,-Inf,-Inf,-Inf,-Inf,-Inf,-Inf,NA,1,1,1,FALSE
"286",286,"3_d7",3,"d7","B=1",6,0.0705882352941176,NA,0.170601637279166,0.170601637279166,0.152196420686348,1,0.152196420686348,1,1,1,TRUE,1,1,1,TRUE
"287",287,"3_d7",3,"d7","Bu=0",0,0,0.088,0,-0.102230293221019,0,0,-0.0960818163406309,0.411764705882353,0,0.5,FALSE,1,1,1,TRUE
"288",288,"3_d7",3,"d7","Bu=1",19,0.223529411764706,0.088,0.196654056459839,0.196654056459839,0.167155947990863,0.588235294117647,0.167155947990863,0.588235294117647,0.5,0.5,TRUE,1,1,1,TRUE
